,0
0,Tom Hanks
1,Tim Allen
2,Don Rickles
3,Jim Varney
4,Robin Williams
5,Jonathan Hyde
6,Kirsten Dunst
7,Bradley Pierce
8,Al Pacino
9,Robert De Niro
10,Val Kilmer
11,Jon Voight
12,Pierce Brosnan
13,Sean Bean
14,Izabella Scorupco
15,Famke Janssen
16,Kevin Bacon
17,Bob Hoskins
18,Bridget Fonda
19,Jim Cummings
20,Sharon Stone
21,Joe Pesci
22,James Woods
23,Kate Winslet
24,Emma Thompson
25,Hugh Grant
26,Tom Wilkinson
27,Tim Roth
28,Antonio Banderas
29,Jennifer Beals
30,Madonna
31,Jim Carrey
32,Ian McNeice
33,Simon Callow
34,Maynard Eziashi
35,John Travolta
36,Gene Hackman
37,Rene Russo
38,Danny DeVito
39,Sylvester Stallone
40,Julianne Moore
41,Anatoli Davydov
42,Nicolas Cage
43,Elisabeth Shue
44,Julian Sands
45,Richard Lewis
46,Ron Perlman
47,Dominique Pinon
48,Judith Vittet
49,Daniel Emilfork
50,Bruce Willis
51,Madeleine Stowe
52,Brad Pitt
53,Christopher Plummer
54,Christine Cavanaugh
55,Miriam Margolyes
56,Danny Mann
57,Hugo Weaving
58,Susan Sarandon
59,Sean Penn
60,Robert Prosky
61,Celia Weston
62,Alicia Silverstone
63,Stacey Dash
64,Brittany Murphy
65,Paul Rudd
66,Morgan Freeman
67,Gwyneth Paltrow
68,Kevin Spacey
69,Irene Bedard
70,Mel Gibson
71,David Ogden Stiers
72,John Kassir
73,Stephen Baldwin
74,Gabriel Byrne
75,Chazz Palminteri
76,Kevin Pollak
77,Ice Cube
78,Chris Tucker
79,Nia Long
80,John Witherspoon
81,George Clooney
82,Quentin Tarantino
83,Harvey Keitel
84,Juliette Lewis
85,Vincent Cassel
86,Abdel Ahmed Ghili
87,Souleymane Dicko
88,Edouard Montoute
89,Adam Sandler
90,Ben Stiller
91,Christopher McDonald
92,Julie Bowen
93,Meryl Streep
94,Clint Eastwood
95,Annie Corley
96,Victor Slezak
97,Catherine McCormack
98,Sophie Marceau
99,Patrick McGoohan
100,Cybill Shepherd
101,Jodie Foster
102,Nathan Lane
103,Dianne Wiest
104,Will Smith
105,Martin Lawrence
106,Joe Pantoliano
107,Marg Helgenberger
108,Leonardo DiCaprio
109,Lorraine Bracco
110,James Madio
111,Mark Wahlberg
112,Bill Paxton
113,Gary Sinise
114,Christina Ricci
115,Bill Pullman
116,Cathy Moriarty
117,Eric Idle
118,Denzel Washington
119,Matt Craven
120,George Dzundza
121,Salma Hayek
122,Joaquim de Almeida
123,Cheech Marin
124,Jeremy Irons
125,Graham Greene
126,Colleen Camp
127,Jonny Lee Miller
128,Angelina Jolie
129,Jesse Bradford
130,Matthew Lillard
131,Jason Lee
132,Jeremy London
133,Shannen Doherty
134,Claire Forlani
135,Ralph Fiennes
136,Angela Bassett
137,Tom Sizemore
138,Ethan Hawke
139,Julie Delpy
140,Andrea Eckert
141,Karl Bruckschwaiger
142,Darren McGavin
143,Bridgette Wilson
144,Bradley Whitford
145,Jeff Anderson
146,Jason Mewes
147,Kevin Smith
148,Lisa Spoonhauer
149,Jeff Daniels
150,Lauren Holly
151,Teri Garr
152,Johnny Depp
153,Martin Landau
154,Sarah Jessica Parker
155,Patricia Arquette
156,Bill Farmer
157,Jason Marsden
158,Rob Paulsen
159,Tom Cruise
160,Mark Hamill
161,Harrison Ford
162,Carrie Fisher
163,Peter Cushing
164,Anthony Hopkins
165,Aidan Quinn
166,Julia Ormond
167,Woody Harrelson
168,Tommy Lee Jones
169,Dustin Hoffman
170,Jean Reno
171,Natalie Portman
172,Gary Oldman
173,Danny Aiello
174,Uma Thurman
175,Ving Rhames
176,Russell Crowe
177,Juliette Binoche
178,Florence Pernel
179,Philippe Volter
180,Claude Duneton
181,Kurt Russell
182,James Spader
183,Jaye Davidson
184,Viveca Lindfors
185,Judge Reinhold
186,Wendy Crewson
187,David Krumholtz
188,Tim Robbins
189,Bob Gunton
190,Clancy Brown
191,Patrick Stewart
192,Jonathan Frakes
193,Brent Spiner
194,LeVar Burton
195,Chris Farley
196,David Spade
197,Brian Dennehy
198,Bo Derek
199,Darlene Cates
200,Sandra Bullock
201,Peter Gallagher
202,Peter Boyle
203,Sean Young
204,Courteney Cox
205,Tone Loc
206,Willem Dafoe
207,Anne Archer
208,Brandon Lee
209,Rochelle Davis
210,Ernie Hudson
211,Michael Wincott
212,Robin Wright
213,Mykelti Williamson
214,Andie MacDowell
215,James Fleet
216,Jonathan Taylor Thomas
217,Matthew Broderick
218,James Earl Jones
219,Cameron Diaz
220,Nancy Fish
221,Tim Bagley
222,James Garner
223,Leslie Nielsen
224,Priscilla Presley
225,George Kennedy
226,Fred Ward
227,Keanu Reeves
228,Dennis Hopper
229,Joe Morton
230,Arnold Schwarzenegger
231,Jamie Lee Curtis
232,Tom Arnold
233,Sam Neill
234,Julie Carmen
235,David Warner
236,Peter Jason
237,Anjelica Huston
238,Christopher Lloyd
239,Joan Cusack
240,Lillo Brancato
241,Francis Capra
242,Penelope Ann Miller
243,John Leguizamo
244,John Lithgow
245,Michael Rooker
246,Janine Turner
247,Jason London
248,Rory Cochrane
249,Wiley Wiggins
250,Sasha Jenson
251,Wesley Snipes
252,Nigel Hawthorne
253,Jeanne Tripplehorn
254,Holly Hunter
255,Jason James Richter
256,Lori Petty
257,August Schellenberg
258,Michael Madsen
259,Sela Ward
260,Charlie Sheen
261,Lloyd Bridges
262,Valeria Golino
263,Richard Crenna
264,John Malkovich
265,Dylan McDermott
266,Pete Postlethwaite
267,John Lynch
268,Corin Redgrave
269,Laura Dern
270,Jeff Goldblum
271,Richard Attenborough
272,Art Carney
273,Charles Dance
274,Frank McRae
275,Sally Field
276,Harvey Fierstein
277,Kevin Costner
278,Jason Robards
279,Mary Steenburgen
280,Cary Elwes
281,Dom DeLuise
282,Roger Rees
283,Dave Chappelle
284,Liam Neeson
285,Ben Kingsley
286,Caroline Goodall
287,Meg Ryan
288,Ross Malinger
289,Rutger Hauer
290,Edward James Olmos
291,Danny Elfman
292,Chris Sarandon
293,William Hickey
294,Glenn Shadix
295,Sam Elliott
296,Christian Slater
297,Michael Rapaport
298,Bronson Pinchot
299,Macaulay Culkin
300,Daniel Stern
301,John Heard
302,Patrick Swayze
303,Demi Moore
304,Whoopi Goldberg
305,Tony Goldwyn
306,Scott Weinger
307,Linda Larkin
308,Jonathan Freeman
309,Linda Hamilton
310,Robert Patrick
311,Edward Furlong
312,Mary McDonnell
313,Floyd Red Crow Westerman
314,Jack Nicholson
315,Michael Keaton
316,Kim Basinger
317,Michael Gough
318,Scott Glenn
319,Ted Levine
320,Adriana Caselotti
321,Lucille La Verne
322,Harry Stockwell
323,Roy Atwell
324,Robby Benson
325,Richard White
326,Jerry Orbach
327,Mel Blanc
328,Don Brodie
329,Walter Catlett
330,Marion Darlington
331,Julia Roberts
332,Richard Gere
333,Ralph Bellamy
334,Jason Alexander
335,Frances McDormand
336,Steve Buscemi
337,Peter Stormare
338,Harve Presnell
339,Phil Harris
340,Sterling Holloway
341,Scatman Crothers
342,Eva Gabor
343,Edward Norton
344,Laura Linney
345,John Mahoney
346,Henry Czerny
347,Dennis Quaid
348,David Thewlis
349,Dina Meyer
350,Joanna Lumley
351,Michael Jordan
352,Wayne Knight
353,Billy West
354,Dee Bradley Baker
355,Joey Lawrence
356,Billy Joel
357,Richard Mulligan
358,Gary Farmer
359,Crispin Glover
360,Lance Henriksen
361,Christian Clavier
362,Christian Bujeau
363,Isabelle Nanty
364,Robin Tunney
365,Fairuza Balk
366,Neve Campbell
367,Rachel True
368,Sean Connery
369,Ed Harris
370,John Spencer
371,Helen Hunt
372,Jami Gertz
373,Atsuko Tanaka
374,Akio Ohtsuka
375,Iemasa Kayumi
376,Kouichi Yamadera
377,Peter Sellers
378,Sterling Hayden
379,Keenan Wynn
380,Slim Pickens
381,Ewan McGregor
382,Ewen Bremner
383,Robert Carlyle
384,Tom Hulce
385,Tony Jay
386,Kevin Kline
387,Jeffrey Combs
388,Jake Busey
389,Chi McBride
390,Trini Alvarado
391,Kyra Sedgwick
392,Forest Whitaker
393,Robert Duvall
394,Matthew McConaughey
395,Oliver Platt
396,Delroy Lindo
397,Mara Wilson
398,Embeth Davidtz
399,Rhea Perlman
400,Marlon Brando
401,James Caan
402,Gene Kelly
403,Debbie Reynolds
404,Jean Hagen
405,Millard Mitchell
406,Audrey Hepburn
407,George Peppard
408,Patricia Neal
409,Buddy Ebsen
410,James Stewart
411,Kim Novak
412,Barbara Bel Geddes
413,Tom Helmore
414,Grace Kelly
415,Wendell Corey
416,Thelma Ritter
417,Cary Grant
418,Eva Marie Saint
419,James Mason
420,Jack Lemmon
421,Shirley MacLaine
422,Fred MacMurray
423,Ray Walston
424,Marilyn Monroe
425,Tony Curtis
426,George Raft
427,Walter Matthau
428,James Coburn
429,Humphrey Bogart
430,Ingrid Bergman
431,Paul Henreid
432,Claude Rains
433,Mary Astor
434,Gladys George
435,Peter Lorre
436,Rex Harrison
437,Stanley Holloway
438,Gladys Cooper
439,Gregory Peck
440,Eddie Albert
441,Hartley Power
442,Judy Garland
443,Frank Morgan
444,Ray Bolger
445,Bert Lahr
446,Vivien Leigh
447,Clark Gable
448,Olivia de Havilland
449,Thomas Mitchell
450,William Holden
451,Gloria Swanson
452,Erich von Stroheim
453,Nancy Olson
454,Orson Welles
455,Joseph Cotten
456,Dorothy Comingore
457,Ray Collins
458,Keir Dullea
459,Gary Lockwood
460,William Sylvester
461,Douglas Rain
462,Bette Davis
463,Anne Baxter
464,George Sanders
465,Celeste Holm
466,Laurence Olivier
467,Joan Fontaine
468,Judith Anderson
469,Louis Calhern
470,Donna Reed
471,Lionel Barrymore
472,Duane Jones
473,Karl Hardman
474,Marilyn Eastman
475,Keith Wayne
476,Leon Robinson
477,Malik Yoba
478,John Candy
479,Peter Outerbridge
480,Ilene Woods
481,Eleanor Audley
482,Lucille Bliss
483,Verna Felton
484,Sebastian Cabot
485,Karl Swenson
486,Junius Matthews
487,Norman Alden
488,Mary Elizabeth Mastrantonio
489,Julie Andrews
490,Dick Van Dyke
491,David Tomlinson
492,Glynis Johns
493,Herman Bing
494,John McLeish
495,Edward Brophy
496,Kathryn Beaumont
497,Ed Wynn
498,Richard Haydn
499,Mickey Rooney
500,Pearl Bailey
501,Jack Albertson
502,Eleanor Parker
503,Alan Rickman
504,Alexander Godunov
505,Bonnie Bedelia
506,Geena Davis
507,Yvonne Zima
508,Craig Bierko
509,Tom Amandes
510,Claire Danes
511,Harold Perrineau
512,Jason Patric
513,Gilbert Gottfried
514,Gene Wilder
515,Peter Ostrum
516,Roy Kinnear
517,John Cleese
518,Michael Palin
519,Graham Chapman
520,Terry Gilliam
521,Warren Beatty
522,Faye Dunaway
523,Ray Milland
524,Robert Cummings
525,John Williams
526,Jennifer Grey
527,Cynthia Rhodes
528,Chris Penn
529,Tom Berenger
530,Michael Douglas
531,Alec Baldwin
532,Alan Arkin
533,Henry Thomas
534,Drew Barrymore
535,Robert MacNaughton
536,Dee Wallace
537,Kelly McGillis
538,Anthony Edwards
539,James Dean
540,Natalie Wood
541,Sal Mineo
542,Ann Doran
543,Michael Biehn
544,Leo Burmester
545,Adrienne Barbeau
546,Janet Leigh
547,John Houseman
548,Lee Van Cleef
549,Ernest Borgnine
550,Donald Pleasence
551,Philippe Noiret
552,Jacques Perrin
553,Marco Leonardi
554,Salvatore Cascio
555,Karin Viard
556,Ticky Holgado
557,Pascal Benezech
558,Kirk Douglas
559,Ralph Meeker
560,Adolphe Menjou
561,George Macready
562,Kristin Scott Thomas
563,Louise Fletcher
564,William Redfield
565,Billy Dee Williams
566,Mandy Patinkin
567,Karen Allen
568,Paul Freeman
569,Ronald Lacey
570,Jonathan Pryce
571,Katherine Helmond
572,Ian Holm
573,Sigourney Weaver
574,James Remar
575,Paul Reiser
576,Eli Wallach
577,Luigi Pistilli
578,Henry Fonda
579,Martin Balsam
580,John Fiedler
581,Jack Klugman
582,Alec Guinness
583,Anthony Quinn
584,Jack Hawkins
585,Omar Sharif
586,Malcolm McDowell
587,Patrick Magee
588,Adrienne Corri
589,Michael Bates
590,Brock Peters
591,James Anderson
592,Mary Badham
593,Martin Sheen
594,Frederic Forrest
595,Claudia Cardinale
596,Charles Bronson
597,Alida Valli
598,Trevor Howard
599,Ray Liotta
600,Tom Skerritt
601,Veronica Cartwright
602,Harry Dean Stanton
603,Bruce Campbell
604,Marcus Gilbert
605,Ian Abercrombie
606,Rosanna Arquette
607,Paul Shenar
608,Sergio Castellitto
609,Akira Terao
610,Jinpachi Nezu
611,Tatsuya Nakadai
612,Mieko Harada
613,Anthony Perkins
614,Vera Miles
615,John Gavin
616,Dan Aykroyd
617,John Belushi
618,James Brown
619,Cab Calloway
620,Diane Keaton
621,Matthew Modine
622,Adam Baldwin
623,Dorian Harewood
624,Arliss Howard
625,Elizabeth Berridge
626,Roy Dotrice
627,Elizabeth McGovern
628,Frank Vincent
629,Woody Allen
630,Tony Roberts
631,Carol Kane
632,Aleksandr Kaydanovskiy
633,Nikolay Grinko
634,Alisa Freyndlikh
635,Natasha Abramova
636,Klaus Wennemann
637,Hubertus Bengsch
638,Martin Semmelrogge
639,Bernd Tauber
640,Paul Newman
641,Robert Redford
642,Robert Shaw
643,Charles Durning
644,Max von Sydow
645,Bengt Ekerot
646,Nils Poppe
647,Bibi Andersson
648,Paul Winfield
649,Tim Balme
650,Elizabeth Moody
651,Ian Watkin
652,Brenda Kendall
653,Michael Murphy
654,Mariel Hemingway
655,John Turturro
656,Marcia Gay Harden
657,Robert Sean Leonard
658,Gale Hansen
659,Anne Bancroft
660,Katharine Ross
661,Murray Hamilton
662,Anne Parillaud
663,Marc Duret
664,Patrick Fontana
665,Sessue Hayakawa
666,Marcello Mastroianni
667,Sandra Milo
668,Rossella Falk
669,John Huston
670,Perry Lopez
671,Michael Rennie
672,Billy Gray
673,Hugh Marlowe
674,Shelley Duvall
675,Danny Lloyd
676,Wil Wheaton
677,River Phoenix
678,Corey Feldman
679,Kiefer Sutherland
680,Ellen Widmann
681,Inge Landgut
682,Otto Wernicke
683,Sarah Berry
684,Dan Hicks
685,Kassie DePaiva
686,Steve McQueen
687,James Donald
688,John Cazale
689,John Savage
690,Christopher Walken
691,Bill Murray
692,Chris Elliott
693,Stephen Tobolowsky
694,Richard Harris
695,Lea Thompson
696,Claudia Wells
697,Karl Malden
698,Stephen Young
699,Michael Strong
700,Carey Loftin
701,Mitsuo Iwata
702,Nozomu Sasaki
703,Mami Koyama
704,Tesshou Genda
705,Christopher Lambert
706,Roxanne Hart
707,Luke Askew
708,Morgan Woodward
709,Marty Feldman
710,Madeline Kahn
711,Charlie Chaplin
712,Jack Oakie
713,Reginald Gardiner
714,Henry Daniell
715,Deems Taylor
716,Walt Disney
717,Julietta Novis
718,Leopold Stokowski
719,Gary Cooper
720,Winona Ryder
721,Lisanne Falk
722,Charlton Heston
723,Haya Harareet
724,Stephen Boyd
725,Christopher Guest
726,Michael McKean
727,Harry Shearer
728,Rob Reiner
729,Denholm Elliott
730,Alison Doody
731,Candice Bergen
732,Edward Fox
733,John Gielgud
734,Christine Hargreaves
735,James Laurenson
736,Eleanor David
737,Bob Geldof
738,Amy Madigan
739,Gaby Hoffmann
740,Strother Martin
741,Billy Crystal
742,Bruno Kirby
743,Ralph Brown
744,David Naughton
745,Jenny Agutter
746,Griffin Dunne
747,John Woodvine
748,Tippi Hedren
749,Rod Taylor
750,Suzanne Pleshette
751,Virginia Madsen
752,Tony Todd
753,Xander Berkeley
754,Kasi Lemmons
755,Nick Nolte
756,Jessica Lange
757,Sissy Spacek
758,Piper Laurie
759,Amy Irving
760,William Katt
761,John Saxon
762,Ronee Blakley
763,Heather Langenkamp
764,Amanda Wyss
765,Max Schreck
766,Gustav von Wangenheim
767,Alexander Granach
768,Ruth Landshoff
769,Lee Remick
770,Billie Whitelaw
771,William Atherton
772,Reginald VelJohnson
773,William Shatner
774,Leonard Nimoy
775,DeForest Kelley
776,James Doohan
777,Michelle Pfeiffer
778,Stockard Channing
779,Jeff Conaway
780,Didi Conn
781,Steven Seagal
782,Gary Busey
783,Michael Des Barres
784,Roy Scheider
785,Richard Dreyfuss
786,Lorraine Gary
787,Glenn Close
788,Annette Bening
789,Kelly Preston
790,Alison Armitage
791,Jonathan Lipnicki
792,Trey Wilson
793,John Goodman
794,Sidney Poitier
795,David Strathairn
796,David Arquette
797,Russell Means
798,Eric Schweig
799,Jodhi May
800,John Roselius
801,Louis Eppolito
802,Maura Tierney
803,Jennifer Tilly
804,Mike Myers
805,Elizabeth Hurley
806,Michael York
807,Mimi Rogers
808,Milla Jovovich
809,John Cusack
810,Tate Donovan
811,Josh Keaton
812,Roger Bart
813,Dermot Mulroney
814,Rupert Everett
815,Joan Allen
816,Alessandro Nivola
817,Linda Fiorentino
818,Rip Torn
819,John Hurt
820,Viggo Mortensen
821,Jason Beghe
822,Sandahl Bergman
823,Laurence Fishburne
824,Kathleen Quinlan
825,Joely Richardson
826,Cylk Cozart
827,Elle Macpherson
828,Guy Pearce
829,James Cromwell
830,Jamyang Jamtsho Wangchuk
831,BD Wong
832,Ashley Judd
833,Alex McArthur
834,Deborah Kara Unger
835,James Rebhorn
836,Ben Affleck
837,Joey Lauren Adams
838,Dwight Ewell
839,Mark Addy
840,William Snape
841,Steve Huison
842,Charlize Theron
843,Jeffrey Jones
844,Jude Law
845,Gore Vidal
846,Rowan Atkinson
847,Peter MacNicol
848,John Mills
849,Pamela Reed
850,Burt Reynolds
851,Thomas Jane
852,Josef Sommer
853,Lukas Haas
854,Casper Van Dien
855,Denise Richards
856,John Hannah
857,Noah Emmerich
858,Natascha McElhone
859,Diane Venora
860,Angela Lansbury
861,Djimon Hounsou
862,Matt Damon
863,Minnie Driver
864,Sarah Michelle Gellar
865,Frances Fisher
866,Billy Zane
867,Michelle Yeoh
868,Teri Hatcher
869,Will Patton
870,Olivia Williams
871,Larenz Tate
872,Pam Grier
873,Robert Forster
874,Jeff Bridges
875,Rufus Sewell
876,William Hurt
877,Jennifer Connelly
878,Donald Sutherland
879,Christine Taylor
880,Allen Covert
881,Greg Kinnear
882,Skeet Ulrich
883,Daniel Roebuck
884,Matt Dillon
885,Miko Hughes
886,Andre Braugher
887,Dennis Franz
888,Benicio del Toro
889,Tobey Maguire
890,Sarita Choudhury
891,Lea Salonga
892,Eddie Murphy
893,Donny Osmond
894,David Duchovny
895,Gillian Anderson
896,Mitch Pileggi
897,John Neville
898,Jennifer Lopez
899,Don Cheadle
900,Billy Bob Thornton
901,Liv Tyler
902,Danny Glover
903,Gregory Smith
904,Denis Leary
905,Phil Hartman
906,Sean Gullette
907,Mark Margolis
908,Ben Shenkman
909,Samia Shoaib
910,Lee Evans
911,Rod Steiger
912,Pat Henning
913,Richard Beymer
914,Russ Tamblyn
915,Rita Moreno
916,Sylvia Miles
917,John McGiver
918,Fernando Rey
919,Tony Lo Bianco
920,Talia Shire
921,Burt Young
922,Carl Weathers
923,Jane Alexander
924,Justin Henry
925,John Lone
926,Joan Chen
927,Dennis Dun
928,Ryuichi Sakamoto
929,Jack Murdock
930,Jessica Tandy
931,Patti LuPone
932,David Bowie
933,Toby Froud
934,Christopher Malcolm
935,Emilio Estevez
936,Anthony Michael Hall
937,Judd Nelson
938,Molly Ringwald
939,Robert Englund
940,Betsy Palmer
941,Adrienne King
942,Harry Crosby
943,Laurie Bartram
944,Amy Steel
945,John Furey
946,Kirsten Baker
947,Nancy Kyes
948,Nick Castle
949,Charles Cyphers
950,Jeffrey Kramer
951,Catherine Hicks
952,Alex Vincent
953,Brad Dourif
954,JoBeth Williams
955,Beatrice Straight
956,Dominique Dunne
957,Oliver Robins
958,Linda Blair
959,Ellen Burstyn
960,Jason Miller
961,Mitchell Ryan
962,Joss Ackland
963,Zach Galligan
964,Phoebe Cates
965,Hoyt Axton
966,Polly Holliday
967,John Glover
968,Sean Astin
969,Josh Brolin
970,Jeff Cohen
971,Stuart Wilson
972,Diego Sieres
973,Chuck Connors
974,Brigitte Helm
975,Alfred Abel
976,Fritz Rasp
977,Theodor Loos
978,James Tolkan
979,Donnie Dunagan
980,Peter Behn
981,Stan Alexander
982,Cammie King
983,Takashi Shimura
984,Yoshio Inaba
985,Seiji Miyaguchi
986,Minoru Chiaki
987,Kyle MacLachlan
988,Francesca Annis
989,Leonardo Cimino
990,Sofia Coppola
991,Vin Diesel
992,Barrie Ingham
993,Val Bettin
994,Vincent Price
995,Susanne Pollatschek
996,Bette Midler
997,Kathy Najimy
998,Omri Katz
999,Rick Moranis
1000,Marcia Strassman
1001,Matt Frewer
1002,Kristine Sutherland
1003,David Morse
1004,Ron Rifkin
1005,Lindsay Lohan
1006,Natasha Richardson
1007,Elaine Hendrix
1008,Bruce Dern
1009,Rick Ducommun
1010,Isabella Rossellini
1011,Bruce Reitherman
1012,Louis Prima
1013,Peggy Lee
1014,Barbara Luddy
1015,Larry Roberts
1016,Bill Thompson
1017,Jodi Benson
1018,Christopher Daniel Barnes
1019,Jason Marin
1020,Buddy Hackett
1021,Betty Lou Gerson
1022,Martha Wentworth
1023,Ben Wright
1024,Bobby Driscoll
1025,Hans Conried
1026,Bob Newhart
1027,Tristan Rogers
1028,Geraldine Page
1029,Joe Flynn
1030,Mary Costa
1031,Bill Shirley
1032,Daryl Hannah
1033,Eugene Levy
1034,Bruce Boxleitner
1035,Cindy Morgan
1036,Kate Capshaw
1037,Jonathan Ke Quan
1038,Amrish Puri
1039,Richard Burton
1040,Suzanna Hamilton
1041,Cyril Cusack
1042,Brooke Adams
1043,Carel Struycken
1044,Dougray Scott
1045,Megan Dodds
1046,Kelly LeBrock
1047,Suzanne Snyder
1048,Phillip Glasser
1049,Nehemiah Persoff
1050,Erica Yohn
1051,Michael Schoeffling
1052,Haviland Morris
1053,Jon Cryer
1054,Andrew McCarthy
1055,Mia Farrow
1056,John Cassavetes
1057,Ruth Gordon
1058,Sidney Blackmer
1059,Barret Oliver
1060,Gerald McRaney
1061,Noah Hathaway
1062,Drum Garrett
1063,Stephen Dorff
1064,Kris Kristofferson
1065,Donal Logue
1066,John Dall
1067,Farley Granger
1068,Constance Collier
1069,Robert Walker
1070,Ruth Roman
1071,Patricia Hitchcock
1072,Warwick Davis
1073,Joanne Whalley
1074,Jean Marsh
1075,Charles Martin Smith
1076,Gretchen Mol
1077,Goran Visnjic
1078,Nicole de Boer
1079,Nicky Guadagni
1080,David Hewlett
1081,Andrew Miller
1082,Jackie Chan
1083,Ken Leung
1084,Keith David
1085,Wilford Brimley
1086,Donald Moffat
1087,Annabella Sciorra
1088,Jessica Brooks Grant
1089,Ralph Macchio
1090,Marisa Tomei
1091,Mitchell Whitfield
1092,Nicole Kidman
1093,Evan Rachel Wood
1094,Reese Witherspoon
1095,Nicoletta Braschi
1096,Roberto Benigni
1097,Giorgio Cantarini
1098,Giustino Durano
1099,Avery Brooks
1100,Jennifer Lien
1101,Tony Shalhoub
1102,Cate Blanchett
1103,Geoffrey Rush
1104,Christopher Eccleston
1105,Joseph Fiennes
1106,Jeffrey Tambor
1107,Regina King
1108,Hayden Panettiere
1109,Phyllis Diller
1110,Bonnie Hunt
1111,Robert Armstrong
1112,Fay Wray
1113,Bruce Cabot
1114,Frank Reicher
1115,Roger Moore
1116,Tanya Roberts
1117,Grace Jones
1118,Steve Guttenberg
1119,Kim Cattrall
1120,Bubba Smith
1121,Donovan Scott
1122,Jason Schwartzman
1123,Seymour Cassel
1124,Charles Napier
1125,Steven Berkoff
1126,Bill McKinney
1127,Kathleen Turner
1128,Manuel Ojeda
1129,Tahnee Welch
1130,Don Ameche
1131,Eileen Brennan
1132,Tim Curry
1133,Pat Morita
1134,William Zabka
1135,Martin Kove
1136,Chevy Chase
1137,Randy Quaid
1138,Johnny Galecki
1139,Katie Sagona
1140,Adrien Brody
1141,Jim Caviezel
1142,Ben Chaplin
1143,Jordana Brewster
1144,Elijah Wood
1145,Clea DuVall
1146,Laura Harris
1147,Philip Seymour Hoffman
1148,Peter Coyote
1149,John Getz
1150,Joy Boushel
1151,Marilyn Burns
1152,Allen Danziger
1153,William Vail
1154,Teri McMinn
1155,Helmut Qualtinger
1156,Elya Baskin
1157,Paul Hogan
1158,Linda Kozlowski
1159,Mark Blum
1160,David Gulpilil
1161,Gregg Henry
1162,Maria Bello
1163,Ron Livingston
1164,Jennifer Aniston
1165,David Herman
1166,Ajay Naidu
1167,Joaquin Phoenix
1168,James Gandolfini
1169,Chris Bauer
1170,Dale Midkiff
1171,Fred Gwynne
1172,Denise Crosby
1173,Brad Greenquist
1174,Keith Gordon
1175,John Stockwell
1176,Alexandra Paul
1177,Yul Brynner
1178,Richard Benjamin
1179,James Brolin
1180,Norman Bartold
1181,Roddy McDowall
1182,Kim Hunter
1183,Maurice Evans
1184,James Franciscus
1185,Linda Harrison
1186,Lisa Kudrow
1187,Ryan Phillippe
1188,Selma Blair
1189,Jason Flemyng
1190,Dexter Fletcher
1191,Nick Moran
1192,Jason Statham
1193,Gloria Foster
1194,Heath Ledger
1195,Julia Stiles
1196,Larisa Oleynik
1197,Jeremy Theobald
1198,Alex Haw
1199,Lucy Russell
1200,John Nolan
1201,Jennifer Jason Leigh
1202,Maury Chaykin
1203,Brendan Fraser
1204,Rachel Weisz
1205,Arnold Vosloo
1206,Jake Lloyd
1207,Christopher Reeve
1208,Margot Kidder
1209,Ned Beatty
1210,Jackie Cooper
1211,Barry Bostwick
1212,Patricia Quinn
1213,Gina McKee
1214,Tim McInnerny
1215,Dennis Haysbert
1216,Steven Schub
1217,Heather Graham
1218,Robert Wagner
1219,Brian Blessed
1220,Pruitt Taylor Vince
1221,Bill Nunn
1222,Gabriele Lavia
1223,Franka Potente
1224,Moritz Bleibtreu
1225,Herbert Knaup
1226,Nina Petri
1227,Kristy Swanson
1228,Cole Sprouse
1229,Thierry Lhermitte
1230,Jacques Villeret
1231,Francis Huster
1232,Alexandra Vandernoot
1233,Harley Jane Kozak
1234,Garette Ratliff Henson
1235,Marlene Katz
1236,Trey Parker
1237,Matt Stone
1238,Mary Kay Bergman
1239,Isaac Hayes
1240,Jason Biggs
1241,Chris Klein
1242,Thomas Ian Nicholas
1243,Alyson Hannigan
1244,Heather Donahue
1245,Joshua Leonard
1246,Bob Griffith
1247,Jim King
1248,Madison Eginton
1249,Jackie Sawiris
1250,Harold Ramis
1251,Jean Simmons
1252,Charles Laughton
1253,Sue Lyon
1254,Shelley Winters
1255,Marisa Berenson
1256,Frank Middlemass
1257,Godfrey Quigley
1258,Leonard Rossiter
1259,Claire Maurier
1260,Georges Flamant
1261,Patrick Auffay
1262,Robert Beauvais
1263,Margaret Avery
1264,Akosua Busia
1265,Ellen Greene
1266,Vincent Gardenia
1267,Steve Martin
1268,Eli Marienthal
1269,Toni Collette
1270,Haley Joel Osment
1271,Ben Gazzara
1272,Robert Hays
1273,Julie Hagerty
1274,Peter Graves
1275,Imogene Coca
1276,Elizabeth Perkins
1277,Robert Loggia
1278,Sam Shepard
1279,Melinda Dillon
1280,Peter Billingsley
1281,Jean Shepherd
1282,Vladimir Kulich
1283,Daniel Southern
1284,Clive Russell
1285,Kathryn Erbe
1286,Illeana Douglas
1287,Kevin Dunn
1288,Thora Birch
1289,Wes Bentley
1290,Luke Wilson
1291,Peter Greene
1292,Ronny Cox
1293,Spike Jonze
1294,Hilary Swank
1295,Peter Sarsgaard
1296,Brendan Sexton III
1297,Alicia Goranson
1298,Rebecca De Mornay
1299,Rachel Ticotin
1300,Alan Ruck
1301,Mia Sara
1302,Michael Nouri
1303,Lilia Skala
1304,Sunny Johnson
1305,Lee Marvin
1306,Jim Brown
1307,Honor Blackman
1308,Shirley Eaton
1309,Tania Mallet
1310,Daniela Bianchi
1311,Lotte Lenya
1312,Ursula Andress
1313,Joseph Wiseman
1314,Jack Lord
1315,Marianne Koch
1316,Wolfgang Lukschy
1317,Sieghardt Rupp
1318,Meat Loaf
1319,Jared Leto
1320,Richard Farnsworth
1321,Jane Galloway Heitz
1322,Donald Wiegert
1323,Peter Weller
1324,Nancy Allen
1325,Kurtwood Smith
1326,Joanna Cassidy
1327,Charles Fleischer
1328,Carole Bouquet
1329,Chaim Topol
1330,Julian Glover
1331,Yaphet Kotto
1332,Jane Seymour
1333,Clifton James
1334,Claudine Auger
1335,Adolfo Celi
1336,Luciana Paluzzi
1337,Catherine Keener
1338,Yuriko Ishida
1339,Kaoru Kobayashi
1340,Masahiko Nishimura
1341,Sumi Shimamoto
1342,Queen Latifah
1343,Barbara Hershey
1344,Isuzu Yamada
1345,Hiroshi Tachikawa
1346,Mel Brooks
1347,Daphne Zuniga
1348,Brian Bedford
1349,Peter Ustinov
1350,Pat Buttram
1351,Jim Belushi
1352,Rica Matsumoto
1353,Mayumi Iizuka
1354,Megumi Hayashibara
1355,Inuko Inuyama
1356,Ian McDiarmid
1357,Cecilia Roth
1358,Marisa Paredes
1359,Antonia San Juan
1360,Carlos Lozano
1361,John Forsythe
1362,Bobcat Goldthwait
1363,Lamberto Maggiorani
1364,Enzo Staiola
1365,Lianella Carell
1366,Gino Saltamerenda
1367,Ellen Hamilton Latzen
1368,Julie Kavner
1369,William Baldwin
1370,Mercedes Ruehl
1371,Amanda Plummer
1372,Kelsey Grammer
1373,Michael Clarke Duncan
1374,Philip Baker Hall
1375,Peter Fonda
1376,Antonio Mendoza
1377,Phil Spector
1378,Courtney Love
1379,Bob Zmuda
1380,Vicellous Reon Shannon
1381,Liev Schreiber
1382,Victor Jory
1383,Don Gordon
1384,Albert Hall
1385,Maggie Smith
1386,Wendy Makkena
1387,Vincent Spano
1388,Josh Hamilton
1389,Bruce Ramsay
1390,Gabrielle Anwar
1391,Dana Carvey
1392,Rob Lowe
1393,Tia Carrere
1394,Patrick Bergin
1395,Whitney Houston
1396,Michele Lamar Richards
1397,Ralph Waite
1398,Goldie Hawn
1399,Sheryl Lee
1400,Ray Wise
1401,Dana Ashbrook
1402,James Marshall
1403,Rosie Perez
1404,Tyra Ferrell
1405,Norman Reedus
1406,Sean Patrick Flanery
1407,David Della Rocco
1408,Guillaume Canet
1409,Tilda Swinton
1410,Virginie Ledoyen
1411,Radha Mitchell
1412,Cole Hauser
1413,Claudia Black
1414,Matthew Perry
1415,Virginia Cherrill
1416,Florence Lee
1417,Harry Myers
1418,Jackie Coogan
1419,Edna Purviance
1420,Albert Austin
1421,Cliff Gorman
1422,Tricia Vessey
1423,Henry Silva
1424,Frank Langella
1425,Lena Olin
1426,Emmanuelle Seigner
1427,Ron Howard
1428,Paul Le Mat
1429,John Wayne
1430,Jeffrey Hunter
1431,Albert Finney
1432,Aaron Eckhart
1433,Devon Sawa
1434,Ali Larter
1435,Kerr Smith
1436,Tim Matheson
1437,John Vernon
1438,Verna Bloom
1439,Ossie Davis
1440,Ruby Dee
1441,Richard Edson
1442,Barbara Stanwyck
1443,Porter Hall
1444,Richard Gaines
1445,Judith Hoag
1446,Elias Koteas
1447,Josh Pais
1448,Brian Tochi
1449,Bolo Yeung
1450,Roy Chiao
1451,Donald Gibb
1452,Ken Siu
1453,Tung Thanh Tran
1454,Chintara Sukapatana
1455,Jet Li
1456,Aaliyah
1457,Isaiah Washington
1458,Russell Wong
1459,Paulette Goddard
1460,Henry Bergman
1461,Tiny Sandford
1462,Bob Balaban
1463,Iben Hjejle
1464,Todd Louiso
1465,Jack Black
1466,Kenneth Branagh
1467,Armand Assante
1468,Brad Davis
1469,Irene Miracle
1470,Bo Hopkins
1471,Kathy Bates
1472,Frances Sternhagen
1473,Donatas Banionis
1474,Natalya Bondarchuk
1475,Vladislav Dvorzhetsky
1476,Peter Finch
1477,Chief Dan George
1478,Sondra Locke
1479,Elizabeth Mitchell
1480,Elpidia Carrillo
1481,Bill Duke
1482,Christian Bale
1483,Josh Lucas
1484,Rodney Dangerfield
1485,Ted Knight
1486,Jon Bon Jovi
1487,Josh Hartnett
1488,Connie Nielsen
1489,Oliver Reed
1490,Alfre Woodard
1491,Max Casella
1492,Owen Wilson
1493,Lucy Liu
1494,Georgia Hale
1495,Mack Swain
1496,Tom Murray
1497,George Lazenby
1498,Diana Rigg
1499,Telly Savalas
1500,Gabriele Ferzetti
1501,Barbara Bach
1502,Richard Kiel
1503,Caroline Munro
1504,Christopher Lee
1505,Britt Ekland
1506,Maud Adams
1507,Cleavon Little
1508,Harvey Korman
1509,Jack Nance
1510,Charlotte Stewart
1511,Allen Joseph
1512,Jeanne Bates
1513,Mario Brega
1514,Klaus Kinski
1515,Dan Hedaya
1516,Deborah Neumann
1517,Kevin Peter Hall
1518,Richard Dawson
1519,Joanne Samuel
1520,Steve Bisley
1521,Tim Burns
1522,Bruce Spence
1523,Michael Preston
1524,Max Phipps
1525,Mickey Rourke
1526,Lisa Bonet
1527,Charlotte Rampling
1528,Giovanni Ribisi
1529,Cindy Williams
1530,John Randolph Jones
1531,Jack Kehoe
1532,Biff McGuire
1533,James Hong
1534,Ramon Bieri
1535,Warren Oates
1536,Miranda Richardson
1537,Timothy Spall
1538,Imelda Staunton
1539,Anthony Anderson
1540,Richard Jenkins
1541,Jason Isaacs
1542,Diane Lane
1543,William Fichtner
1544,Carmen Electra
1545,Dave Sheridan
1546,Anna Faris
1547,Jon Abrahams
1548,Hugh Jackman
1549,Ian McKellen
1550,Halle Berry
1551,Diana Scarwid
1552,Vince Vaughn
1553,Catherine Sutherland
1554,James Gammon
1555,Ricardo Montalban
1556,Robert Goulet
1557,Kate Hudson
1558,Billy Crudup
1559,Catherine Deneuve
1560,Joel Grey
1561,Ryan Hurst
1562,Wood Harris
1563,Andrew Robinson
1564,Clare Higgins
1565,Ashley Laurence
1566,Sean Chapman
1567,Teri Polo
1568,Blythe Danner
1569,Marlon Wayans
1570,Jamie Bell
1571,Julie Walters
1572,Jean Heywood
1573,Jamie Draven
1574,Jay Mohr
1575,Aunjanue Ellis
1576,Hal Holbrook
1577,Charles Gray
1578,Lana Wood
1579,Jimmy Dean
1580,Taylor Momsen
1581,Christine Baranski
1582,Monica Bellucci
1583,Giuseppe Sulfaro
1584,Luciano Federico
1585,Matilde Piana
1586,Spencer Treat Clark
1587,John Patrick Amedori
1588,Zhang Ziyi
1589,Chang Chen
1590,Sihung Lung
1591,Laila Robins
1592,Timothy Dalton
1593,Joe Don Baker
1594,Art Malik
1595,Andreas Wisniewski
1596,Caroline Kava
1597,Holly Marie Combs
1598,Dennis Farina
1599,Vinnie Jones
1600,Alfred Molina
1601,Judi Dench
1602,Eartha Kitt
1603,Patrick Warburton
1604,Rob Brown
1605,Anna Paquin
1606,Busta Rhymes
1607,Chris Noth
1608,Paul Sanchez
1609,Saul Rubinek
1610,Amber Valletta
1611,Benjamin Bratt
1612,Michael Caine
1613,Tim Blake Nelson
1614,Jacob Vargas
1615,Sean Patrick Thomas
1616,Kerry Washington
1617,Fredro Starr
1618,John Ashton
1619,Nigel Havers
1620,Ellen Sandweiss
1621,Richard DeManincor
1622,Betsy Baker
1623,Martin Short
1624,Kevin McCarthy
1625,Corey Haim
1626,Maggie Cheung
1627,Rebecca Pan
1628,Kelly Lai Chen
1629,Mama Hung
1630,William Petersen
1631,Kim Greist
1632,Brian Cox
1633,Mark Boone Junior
1634,Vanessa Bauche
1635,Goya Toledo
1636,Alvaro Guerrero
1637,Jorge Salinas
1638,Monica Potter
1639,Dylan Baker
1640,Ethan Suplee
1641,Colin Firth
1642,Gemma Jones
1643,Jim Broadbent
1644,Steven Bauer
1645,Shannyn Sossamon
1646,Paul Bettany
1647,Kate Beckinsale
1648,Dabney Coleman
1649,Corey Burton
1650,Claudia Christian
1651,Paul Walker
1652,Michelle Rodriguez
1653,Sam Robards
1654,Jake Thomas
1655,Dominique Sanda
1656,Karim Belkhadra
1657,Max Ryan
1658,Ric Young
1659,Jessica Harper
1660,Stefania Casini
1661,Flavio Bucci
1662,Barbara Magnolfi
1663,Matthew Davis
1664,Arsenio Hall
1665,John Amos
1666,Gabriel Damon
1667,Candace Hutson
1668,Judith Barsi
1669,Will Ryan
1670,Ally Sheedy
1671,Fisher Stevens
1672,Austin Pendleton
1673,Roddy Piper
1674,Meg Foster
1675,George Buck Flower
1676,Alex Winter
1677,George Carlin
1678,Dan Shor
1679,Scarlett Johansson
1680,Brad Renfro
1681,Jack Palance
1682,Jean Louisa Kelly
1683,Anne Hathaway
1684,Heather Matarazzo
1685,Robert Schwartzman
1686,Seann William Scott
1687,Alakina Mann
1688,James Bentley
1689,Seth Green
1690,Breckin Meyer
1691,Amy Smart
1692,Gina Philips
1693,Justin Long
1694,Jonathan Breck
1695,Patricia Belcher
1696,Edward Woodward
1697,Diane Cilento
1698,Will Ferrell
1699,Steve Zahn
1700,Leelee Sobieski
1701,Jessica Bowman
1702,Jeremy Piven
1703,Bridget Moynahan
1704,Troy Garity
1705,Naomi Watts
1706,Laura Harring
1707,Ann Miller
1708,Harry Guardino
1709,Reni Santoni
1710,Robbie Coltrane
1711,Mary McCormack
1712,Jake Gyllenhaal
1713,Jena Malone
1714,Maggie Gyllenhaal
1715,Michael Badalucco
1716,Mary Gibbs
1717,Daniel Radcliffe
1718,Rupert Grint
1719,Emma Watson
1720,Stephen Dillane
1721,Jean Seberg
1722,Daniel Boulanger
1723,Van Doude
1724,Claude Mansard
1725,Gabriel Macht
1726,Charles Malik Whitfield
1727,Audrey Tautou
1728,Mathieu Kassovitz
1729,Rufus
1730,Jamel Debbouze
1731,Orlando Bloom
1732,Jamie Foxx
1733,Mario Van Peebles
1734,Dakota Fanning
1735,Samuel Le Bihan
1736,Mark Dacascos
1737,James Frain
1738,Bob Tracey
1739,Mandy Moore
1740,Shane West
1741,Anne Heche
1742,Kimberly Elise
1743,Harriet Owen
1744,Blayne Weaver
1745,Jeff Bennett
1746,Kath Soucie
1747,Jay Chandrasekhar
1748,Steve Lemme
1749,Kevin Heffernan
1750,Paul Soter
1751,Ingrid Thulin
1752,Jullan Kindahl
1753,Ray Romano
1754,Eric Mabius
1755,Ryan McCluskey
1756,Diego Luna
1757,Diana Bracho
1758,Nathan Grinberg
1759,Giselle Audirac
1760,Leonor Varela
1761,Kristen Stewart
1762,Dwight Yoakam
1763,Masayuki Mori
1764,Noriko Honma
1765,Powers Boothe
1766,Jeremy Sumpter
1767,Nia Vardalos
1768,John Corbett
1769,Lainie Kazan
1770,Michael Constantine
1771,James Franco
1772,Nicholas Hoult
1773,Hayden Christensen
1774,Daniel Studi
1775,Chopper Bernet
1776,Chris Cooper
1777,Clive Owen
1778,Chris Sanders
1779,Daveigh Chase
1780,Colin Farrell
1781,Samantha Morton
1782,Lara Flynn Boyle
1783,Gerard Butler
1784,Tyler Hoechlin
1785,Liam Aiken
1786,Rory Culkin
1787,Abigail Breslin
1788,Michael Vartan
1789,Erin Daniels
1790,Shu Qi
1791,Matt Schulze
1792,Christian Berkel
1793,Oliver Stokowski
1794,Stephan Szasz
1795,Jeremy Davies
1796,Lesley Ann Warren
1797,Rumi Hiiragi
1798,Miyu Irino
1799,Mari Natsuki
1800,Bunta Sugawara
1801,Patrick Dempsey
1802,Michael Moore
1803,Dick Clark
1804,Jacobo Arbenz
1805,Emily Watson
1806,Mary Lynn Rajskub
1807,Martin Henderson
1808,David Dorfman
1809,Tsutomu Tatsumi
1810,Ayano Shiraishi
1811,Yoshiko Shinohara
1812,Akemi Yamaguchi
1813,Karen Lynn Gorney
1814,Barry Miller
1815,Joseph Cali
1816,Johnny Knoxville
1817,Bam Margera
1818,Chris Pontius
1819,Dave England
1820,Eminem
1821,Mekhi Phifer
1822,Brian Murray
1823,David Hyde Pierce
1824,Taye Diggs
1825,Angus Macfadyen
1826,Hope Davis
1827,Barry Pepper
1828,Rosario Dawson
1829,Brendan Gleeson
1830,Anna Chlumsky
1831,Noriko Hidaka
1832,Hitoshi Takagi
1833,Chika Sakamoto
1834,Shigesato Itoi
1835,Thomas Kretschmann
1836,Frank Finlay
1837,Maureen Lipman
1838,Jerry Lewis
1839,Diahnne Abbott
1840,Sandra Bernhard
1841,Alexandre Rodrigues
1842,Leandro Firmino
1843,Phellipe Haagensen
1844,Douglas Silva
1845,Kathryn Hahn
1846,Annie Parisse
1847,Fann Wong
1848,Aidan Gillen
1849,Gabriel Mann
1850,Ellen Pompeo
1851,Eamonn Walker
1852,Albert Dupontel
1853,Jo Prestia
1854,Parminder Nagra
1855,Keira Knightley
1856,Jonathan Rhys Meyers
1857,Anupam Kher
1858,Nanako Matsushima
1859,Miki Nakatani
1860,Hiroyuki Sanada
1861,Yuko Takeuchi
1862,Sid Haig
1863,Bill Moseley
1864,Sheri Moon Zombie
1865,Karen Black
1866,Amanda Peet
1867,John Hawkes
1868,Keiko Yokozawa
1869,Mayumi Tanaka
1870,Minori Terada
1871,Kotoe Hatsui
1872,Helmut Bakaitis
1873,Catherine Bell
1874,Albert Brooks
1875,Ellen DeGeneres
1876,Alexander Gould
1877,Desmond Harrington
1878,Eliza Dushku
1879,Emmanuelle Chriqui
1880,Jeremy Sisto
1881,Tyrese Gibson
1882,Eva Mendes
1883,Judy Davis
1884,Michael Lerner
1885,Cillian Murphy
1886,Naomie Harris
1887,Noah Huntley
1888,Christopher Dunne
1889,Gabrielle Union
1890,Natalie Imbruglia
1891,Tasha de Vasconcelos
1892,Eddie Kaye Thomas
1893,Mark Harmon
1894,Harold Gould
1895,Stephen Chow
1896,Patrick Tse Yin
1897,Zhao Wei
1898,Karen Mok
1899,Finn Carter
1900,Michael Gross
1901,Rae Dawn Chong
1902,Vernon Wells
1903,Sam Rockwell
1904,Alison Lohman
1905,Bruce Altman
1906,Scott Speedman
1907,Michael Sheen
1908,Shane Brolly
1909,Dwayne Johnson
1910,Sonja Smits
1911,Deborah Harry
1912,Peter Dvorsky
1913,Jack Warden
1914,Sanaa Lathan
1915,John Billingsley
1916,Mike White
1917,Sarah Silverman
1918,David Carradine
1919,Jessica Biel
1920,Jonathan Tucker
1921,Erica Leerhsen
1922,Mike Vogel
1923,Jeremy Suarez
1924,Jason Raize
1925,Alex Frost
1926,Eric Deulen
1927,John Robinson
1928,Elias McConnell
1929,Mary Alice
1930,Zooey Deschanel
1931,Heike Makatsch
1932,Kieran Culkin
1933,George Newbern
1934,Billy Boyd
1935,Joseph Morgan
1936,Danny Huston
1937,Tony Cox
1938,Brett Kelly
1939,Bernie Mac
1940,Colin Friels
1941,Larry Drake
1942,Susanne Lothar
1943,Arno Frisch
1944,Frank Giering
1945,Stefan Clapczynski
1946,John Wood
1947,Damon Wayans
1948,Chelsea Field
1949,Noble Willingham
1950,Robert Mitchum
1951,Billy Chapin
1952,Sally Jane Bruce
1953,Takeshi Kitano
1954,Tsuyako Kinoshita
1955,Eri Ishikawa
1956,Sayaka Ikeda
1957,Paolo Bonacelli
1958,Giorgio Cataldi
1959,Umberto Paolo Quintavalle
1960,Aldo Valletti
1961,Cher
1962,Donnie Yen
1963,Yoshiko Sakakibara
1964,Hisako Kyouda
1965,Jessica Alba
1966,Joy Bryant
1967,Romeo Miller
1968,Ken Watanabe
1969,Chad Lindberg
1970,Lee Tergesen
1971,Piper Perabo
1972,Tom Welling
1973,Eileen Atkins
1974,Richard Briers
1975,Ashton Kutcher
1976,Melora Walters
1977,Elden Henson
1978,Michael Pitt
1979,Eva Green
1980,Louis Garrel
1981,Anna Chancellor
1982,Nikki Reed
1983,Vanessa Hudgens
1984,Rob Schneider
1985,Scott Mechlowicz
1986,Jacob Pitts
1987,Michelle Trachtenberg
1988,Travis Wester
1989,Maia Morgenstern
1990,Rosalinda Celentano
1991,Katrin Sass
1992,Chulpan Khamatova
1993,Maria Simon
1994,Florian Lukas
1995,Zuleikha Robinson
1996,Louise Lombard
1997,Liv Ullmann
1998,Margaretha Krook
1999,Emile Hirsch
2000,Elisha Cuthbert
2001,Timothy Olyphant
2002,Timothy Hutton
2003,Sarah Polley
2004,Jake Weber
2005,Mark Ruffalo
2006,Gena Rowlands
2007,Tzi Ma
2008,Harriet Andersson
2009,Lauren Bacall
2010,Rupert Evans
2011,Neal McDonough
2012,Kristen Wilson
2013,Yvonne De Carlo
2014,David Emge
2015,Ken Foree
2016,Gaylen Ross
2017,David Crawford
2018,Jennifer Garner
2019,Judy Greer
2020,Andy Serkis
2021,Marc Anthony
2022,Rachel McAdams
2023,Tim Meadows
2024,Ana Gasteyer
2025,Richard Roxburgh
2026,David Wenham
2027,Eric Bana
2028,Bruce Lee
2029,Sammo Hung
2030,Angela Mao
2031,Akiko Wakabayashi
2032,Karin Dor
2033,Mie Hama
2034,Louis Jourdan
2035,Kristina Wayborn
2036,Michael Beck
2037,David Patrick Kelly
2038,Dorsey Wright
2039,Andy Lau
2040,Anthony Wong
2041,Eric Tsang
2042,Kelly Chen
2043,David Proval
2044,Amy Robinson
2045,Anita Ekberg
2046,Yvonne Furneaux
2047,Alain Cuny
2048,Roberts Blossom
2049,Jack Thibeau
2050,Emmy Rossum
2051,Dash Mihok
2052,LL Cool J
2053,Kathryn Morris
2054,Clifton Collins Jr
2055,Thandie Newton
2056,Karl Urban
2057,Colm Feore
2058,Jon Heder
2059,Aaron Ruell
2060,Jon Gries
2061,Efren Ramirez
2062,Morgan Spurlock
2063,Daryl Isaacs
2064,Lisa Ganjhu
2065,Stephen Siegel
2066,Stanley Tucci
2067,Shawn Wayans
2068,Jaime King
2069,Frankie Faison
2070,Ryan Gosling
2071,Samy Naceri
2072,Marion Cotillard
2073,Emma Wiklund
2074,Manuela Gourary
2075,Stevie Wonder
2076,Vernon Dobtcheff
2077,Rodolphe Pauly
2078,Ioan Gruffudd
2079,Mads Mikkelsen
2080,Christina Applegate
2081,David Koechner
2082,Hilary Duff
2083,Jennifer Coolidge
2084,Chad Michael Murray
2085,Dan Byrd
2086,Alan Tudyk
2087,Bryce Dallas Howard
2088,Zach Braff
2089,Jada Pinkett Smith
2090,John Cho
2091,Kal Penn
2092,Neil Patrick Harris
2093,Chris Pine
2094,Chris Evans
2095,Sienna Guillory
2096,Oded Fehr
2097,James McAvoy
2098,Simon Pegg
2099,Nick Frost
2100,Kate Ashfield
2101,Lucy Davis
2102,Shane Carruth
2103,David Sullivan
2104,Casey Gooden
2105,Anand Upadhyaya
2106,Kristen Miller
2107,Masasa Moyo
2108,Paul Giamatti
2109,Thomas Haden Church
2110,Sandra Oh
2111,John Sharian
2112,Michael Ironside
2113,Michael Emerson
2114,Harry Lennix
2115,Dominique Louis
2116,Teddy Newton
2117,Michael Jeter
2118,Nona Gaye
2119,Peter Scolari
2120,Julie Christie
2121,Diane Kruger
2122,Justin Bartha
2123,Tom Kenny
2124,Rodger Bumpass
2125,Bill Fagerbakke
2126,Takeshi Kaneshiro
2127,Song Dandan
2128,Casey Affleck
2129,Thibault Verhaeghe
2130,Isabelle Delval
2131,Dennis Weaver
2132,Jacqueline Scott
2133,Eddie Firestone
2134,Lou Frizzell
2135,Minami Takayama
2136,Rei Sakuma
2137,Kappei Yamaguchi
2138,Keiko Toda
2139,Sanshi Katsura
2140,Akemi Okamura
2141,Hiroko Seki
2142,Mahito Tsujimura
2143,Takashi Tachibana
2144,Shigeru Muroi
2145,Shigeru Tsuyuguchi
2146,Keiju Kobayashi
2147,Moira Kelly
2148,Liz Callaway
2149,Bernard Farcy
2150,Ryo Ishibashi
2151,Eihi Shiina
2152,Jun Kunimura
2153,Tetsu Sawaki
2154,Alain Chabat
2155,Sacha Baron Cohen
2156,Michael Gambon
2157,Kellie Bright
2158,Bae Doona
2159,Ernie Sabella
2160,Jerry Stiller
2161,Clayton Watson
2162,Pamela Adlon
2163,Melinda Clarke
2164,Emily Browning
2165,Gaspard Ulliel
2166,Chantal Neuwirth
2167,Chizuru Ikewaki
2168,Yoshihiko Hakamada
2169,Aki Maeda
2170,Takayuki Yamada
2171,Tony Jaa
2172,Petchtai Wongkamlao
2173,Pumwaree Yodkamol
2174,Suchao Pongwilai
2175,Kad Merad
2176,Marie Bunel
2177,Maxence Perrin
2178,Thomas Blumenthal
2179,Jesper Christensen
2180,Daniel Craig
2181,Tom Hardy
2182,Colm Meaney
2183,George Harris
2184,Mitch Baker
2185,Jay Baruchel
2186,Sophie Okonedo
2187,Fana Mokoena
2188,Freddie Highmore
2189,David Kelly
2190,AnnaSophia Robb
2191,Patrick Wilson
2192,Rick Gonzalez
2193,Channing Tatum
2194,Texas Battle
2195,Bruno Ganz
2196,Alexandra Maria Lara
2197,Corinna Harfouch
2198,Ulrich Matthes
2199,Takuya Kimura
2200,Akihiro Miwa
2201,Mitsunori Isaki
2202,Yo Oizumi
2203,Kevin James
2204,Shia LaBeouf
2205,Yuen Wah
2206,Yuen Qiu
2207,Xing Yu
2208,Jimmy Bennett
2209,Michelle Horn
2210,Devon Aoki
2211,Henri Delannoy
2212,Bleuette Bernon
2213,Brunnet
2214,Depierre
2215,Martin Freeman
2216,Yasiin Bey
2217,Ryan Reynolds
2218,Melissa George
2219,Jesse James
2220,Aimee Garcia
2221,Taryn Manning
2222,Marton Csokas
2223,Jennifer Esposito
2224,Vincent Regan
2225,Chris Rock
2226,David Schwimmer
2227,Michael Irvin
2228,Paddy Considine
2229,Amber Tamblyn
2230,Alexis Bledel
2231,America Ferrera
2232,Blake Lively
2233,Adam Brody
2234,Katie Holmes
2235,Simon Baker
2236,Robert Joy
2237,Miranda Otto
2238,Justin Chatwin
2239,Charles Berling
2240,Romane Bohringer
2241,Jules Sitruk
2242,William Forsythe
2243,Nathan Fillion
2244,Gina Torres
2245,Morena Baccarin
2246,Garrett Hedlund
2247,Terrence Howard
2248,Steve Carell
2249,Romany Malco
2250,Jayma Mays
2251,Shah Rukh Khan
2252,Kajol
2253,Bill Nighy
2254,Kate Nauta
2255,Alessandro Gassman
2256,Riz Abbasi
2257,Campbell Scott
2258,Jennifer Carpenter
2259,Kate Beahan
2260,Helena Bonham Carter
2261,Tracey Ullman
2262,Charlie Hunnam
2263,Ross McCall
2264,Heidi Hayes
2265,Ashton Holmes
2266,Allie Mickelson
2267,Craig Archibald
2268,Bronwen Coleman
2269,Peter Sallis
2270,Nicholas Smith
2271,Michelle Monaghan
2272,Corbin Bernsen
2273,Richard Burgi
2274,Michelle Williams
2275,Kate Burton
2276,Tobin Bell
2277,Shawnee Smith
2278,Donnie Wahlberg
2279,Franky G
2280,Vincent Pastore
2281,Mark Strong
2282,Scott MacDonald
2283,Lucas Black
2284,Jeffrey Wright
2285,Matthew Macfadyen
2286,Rosamund Pike
2287,Simon Woods
2288,Shauna Macdonald
2289,Natalie Mendoza
2290,Alex Reid
2291,Saskia Mulder
2292,Ginnifer Goodwin
2293,Jonah Bobo
2294,Josh Hutcherson
2295,Dax Shepard
2296,Emily Mortimer
2297,William Moseley
2298,Anna Popplewell
2299,Skandar Keynes
2300,Georgie Henley
2301,Gong Li
2302,Youki Kudoh
2303,Tsai Chin
2304,Hanns Zischler
2305,David Belle
2306,Cyril Raffaelli
2307,Bibi Naceri
2308,Nicolas Woirion
2309,Tony Curran
2310,Kelly Macdonald
2311,Eliza Bennett
2312,Bruce Greenwood
2313,Moon Bloodgood
2314,Cameron Bright
2315,Vera Farmiga
2316,Jenna Stern
2317,Stephen Rea
2318,Stephen Fry
2319,Amanda Bynes
2320,Laura Ramsey
2321,Aaron Stanford
2322,Vinessa Shaw
2323,Emilie de Ravin
2324,Martina Gedeck
2325,Sebastian Koch
2326,Ulrich Tukur
2327,Thomas Thieme
2328,Carmen Maura
2329,Blanca Portillo
2330,Yohana Cobo
2331,Chus Lampreave
2332,Nora Zehetner
2333,Noah Fleiss
2334,Don Thompson
2335,Elizabeth Banks
2336,Ellen Page
2337,Odessa Rae
2338,Laurie Holden
2339,Polly Adams
2340,Trish Gates
2341,Nancy McDoniel
2342,Opal Alladin
2343,Garry Shandling
2344,Wanda Sykes
2345,Larry the Cable Guy
2346,Shohreh Aghdashloo
2347,David Hasselhoff
2348,Emily Blunt
2349,Zac Efron
2350,Ashley Tisdale
2351,Lucas Grabeel
2352,Sun Li
2353,Dong Yong
2354,Yun Qu
2355,Nathalie Kelley
2356,Sung Kang
2357,Shad Moss
2358,Paul Dano
2359,Rinko Kikuchi
2360,Adriana Barraza
2361,Ryan Newman
2362,Mitchel Musso
2363,Sam Lerner
2364,Ian McShane
2365,Gary Cole
2366,Jake Cherry
2367,Carla Gugino
2368,Jaden Smith
2369,Brian Howe
2370,Jose Pablo Cantillo
2371,Jenna Dewan
2372,Damaine Radcliff
2373,Mario
2374,Jonah Hill
2375,Adam Herschman
2376,Helen Mirren
2377,Sylvia Syms
2378,Maya Rudolph
2379,Terry Crews
2380,Rudy Youngblood
2381,Raoul Max Trujillo
2382,Gerardo Taracena
2383,Iazua Larios
2384,Ryan Dunn
2385,Ken Davitian
2386,Luenell
2387,Pamela Anderson
2388,Ivana Baquero
2389,Doug Jones
2390,Ariadna Gil
2391,Alex Angulo
2392,Melissa Sagemiller
2393,Debra Messing
2394,Simon McBurney
2395,Adam Beach
2396,John Benjamin Hickey
2397,Bahar Soomekh
2398,Ben Whishaw
2399,Simon Chandler
2400,David Calder
2401,Richard Felix
2402,Tom Hollander
2403,Paula Patton
2404,Kyle Gass
2405,Ronnie James Dio
2406,Jean Dujardin
2407,Aure Atika
2408,Philippe Lefebvre
2409,Constantin Alexandrov
2410,Kagiso Kuypers
2411,Milo Ventimiglia
2412,Geraldine Hughes
2413,Juliet Howland
2414,Ian Renwick
2415,Tammy Blanchard
2416,Kazunari Ninomiya
2417,Tsuyoshi Ihara
2418,Ryo Kase
2419,Ron Crawford
2420,Penny Balfour
2421,Matthew Barry
2422,Justin Timberlake
2423,Joseph Ruskin
2424,Alex Rocco
2425,Aaran Thomas
2426,Dominic West
2427,Patton Oswalt
2428,Lou Romano
2429,Scott Porter
2430,Brad Garrett
2431,Logan Lerman
2432,Lena Headey
2433,Scott Wilson
2434,Paul Lazar
2435,Ryan Kwanten
2436,Kate Mara
2437,Mako
2438,Tom Selleck
2439,Laurie Metcalf
2440,Nicole Sullivan
2441,Rose Byrne
2442,Boris Karloff
2443,June Foray
2444,Thurl Ravenscroft
2445,Dal McKennon
2446,Sarah Roemer
2447,Aaron Yoo
2448,Sylvie Testud
2449,Pascal Greggory
2450,Ethan Embry
2451,Frank Whaley
2452,Max Baldry
2453,Emma de Caunes
2454,Katsunosuke Hori
2455,Toru Emori
2456,Thomas Turgoose
2457,Stephen Graham
2458,Jo Hartley
2459,Andrew Shim
2460,Seth Rogen
2461,Katherine Heigl
2462,Leslie Mann
2463,James Marsden
2464,Imogen Poots
2465,Jeremy Renner
2466,Glen Hansard
2467,Hugh Walsh
2468,Gerard Hendrick
2469,Alaistair Foley
2470,Dane Cook
2471,Sean Biggerstaff
2472,Emilia Fox
2473,Shaun Evans
2474,Michael Dixon
2475,Vanessa Ferlito
2476,Sydney Tamiia Poitier
2477,Marshall Bell
2478,Toby Huss
2479,Jasmine Jessica Anthony
2480,Keeley Hawes
2481,Andy Nyman
2482,Cliff Curtis
2483,Josh Duhamel
2484,Megan Fox
2485,Rachael Taylor
2486,Jim Sturgess
2487,Joe Anderson
2488,Dana Fuchs
2489,Andy Samberg
2490,Isla Fisher
2491,Bill Hader
2492,Charlie Cox
2493,Dan Castellaneta
2494,Nancy Cartwright
2495,Yeardley Smith
2496,Patricia Clarkson
2497,Jenny Wade
2498,Marina Hands
2499,Jean Rochefort
2500,Michael Cera
2501,Jason Bateman
2502,Nicholas Art
2503,Jordan Garrett
2504,Rose McGowan
2505,Naveen Andrews
2506,Jeff Fahey
2507,Dallas Roberts
2508,Stephen McHattie
2509,Romola Garai
2510,Saoirse Ronan
2511,Donald Sumpter
2512,Iain Glen
2513,Madison Pettis
2514,Hayes MacArthur
2515,Alex Veadov
2516,Laurence Fox
2517,Sydney Pollack
2518,Paul Schneider
2519,Kelli Garner
2520,Ben Foster
2521,Chiara Mastroianni
2522,Danielle Darrieux
2523,Simon Abkarian
2524,Wagner Moura
2525,Caio Junqueira
2526,Milhem Cortaz
2527,Fernanda Machado
2528,Chiwetel Ejiofor
2529,Javier Bardem
2530,Keri Russell
2531,David Lee Smith
2532,Ellen Crawford
2533,Zach Mills
2534,Amy Adams
2535,Alice Braga
2536,Charlie Tahan
2537,Willow Smith
2538,Fernando Cayo
2539,Mabel Rivera
2540,Montserrat Carulla
2541,Geraldine Chaplin
2542,Sean Hayes
2543,Beverly Todd
2544,Khalid Abdalla
2545,Atossa Leoni
2546,Shaun Toub
2547,Zekeria Ebrahimi
2548,Dillon Freasier
2549,Hope Elizabeth Reeves
2550,Colleen Foy
2551,Gina Gershon
2552,Edward Burns
2553,Manuela Velasco
2554,Ferran Terraza
2555,Martha Carbonell
2556,David Vert
2557,Lizzy Caplan
2558,Jessica Lucas
2559,Odette Annable
2560,Riisa Naka
2561,Takuya Ishida
2562,Mitsutaka Itakura
2563,Fumihiko Tachiki
2564,Julie Benz
2565,Matthew Marsden
2566,Reynaldo Gallegos
2567,Thekla Reuten
2568,Matthew Fox
2569,Sarah Bolger
2570,Briana Evigan
2571,Robert Hoffman
2572,Will Kemp
2573,Cassie Ventura
2574,Saffron Burrows
2575,Stephen Campbell Moore
2576,Daniel Mays
2577,Carol Burnett
2578,Will Arnett
2579,Brady Corbet
2580,Peter Dinklage
2581,Sean Faris
2582,Amber Heard
2583,Cam Gigandet
2584,Kate Bosworth
2585,Jason Segel
2586,Kristen Bell
2587,Mila Kunis
2588,Russell Brand
2589,Hugh Laurie
2590,Rob Corddry
2591,Michael Angarano
2592,Liu Yifei
2593,Kevin McKidd
2594,Chris Messina
2595,Maggie Grace
2596,Katie Cassidy
2597,Catinca Untaru
2598,Lee Pace
2599,Justine Waddell
2600,Kim Uylenbroek
2601,Ben Barnes
2602,Cynthia Nixon
2603,Kristin Davis
2604,Alex Fisher
2605,Gemma Ward
2606,Ben Burtt
2607,Elissa Knight
2608,Jeff Garlin
2609,Fred Willard
2610,Jae Head
2611,Amanda Seyfried
2612,Dany Boon
2613,Anne Marivin
2614,Philippe Duquesne
2615,Matthew Goode
2616,Jackie Earle Haley
2617,Jeffrey Dean Morgan
2618,Adam Scott
2619,Rebecca Hall
2620,Christopher Evan Welch
2621,Danny McBride
2622,Steve Coogan
2623,Lina Leandersson
2624,Per Ragnar
2625,Henrik Dahl
2626,Karin Bergquist
2627,Cameron Boyce
2628,Michael Chiklis
2629,Kat Dennings
2630,Alexis Dziena
2631,Morjana Alaoui
2632,Mike Chute
2633,Robert Toupin
2634,Patricia Tulasne
2635,Aidan McArdle
2636,Ali Suliman
2637,Harry Treadaway
2638,Mary Kay Place
2639,Jennifer Schwalbach Smith
2640,Frederick Lau
2641,Max Riemelt
2642,Jennifer Ulrich
2643,Christiane Paul
2644,Toby Kebbell
2645,Jeffrey Donovan
2646,Geoff Pierson
2647,Dev Patel
2648,Freida Pinto
2649,Anil Kapoor
2650,Mia Drake Inderbitzin
2651,Olga Kurylenko
2652,Mathieu Amalric
2653,Jane Lynch
2654,Demi Lovato
2655,Joe Jonas
2656,Meaghan Jette Martin
2657,Alyson Stoner
2658,Costas Mandylor
2659,Scott Patterson
2660,Betsy Russell
2661,Josh Zuckerman
2662,Amanda Crew
2663,Clark Duke
2664,Essie Davis
2665,Miley Cyrus
2666,Susie Essman
2667,Mark Walton
2668,Asa Butterfield
2669,Jack Scanlon
2670,Michael Fassbender
2671,Stuart Graham
2672,Helena Bereen
2673,Liam Cunningham
2674,Viola Davis
2675,Christopher Carley
2676,Bee Vang
2677,Ahney Her
2678,David Kross
2679,Jeanette Hain
2680,Sarah Jane Morris
2681,Rhys Darby
2682,Sasha Alexander
2683,Carice van Houten
2684,Kenji Mizuhashi
2685,Yoshimi Kondou
2686,Satomi Hanamura
2687,Ayaka Onoue
2688,Michael Shannon
2689,Emma Roberts
2690,Alex Pettyfer
2691,Kimberley Nixon
2692,Juno Temple
2693,Alexa Davalos
2694,Eric Dane
2695,Yuria Nara
2696,Hiroki Doi
2697,George Tokoro
2698,Tomoko Yamaguchi
2699,Simon Yam
2700,Lynn Hung
2701,Hiroyuki Ikeuchi
2702,Karra Elejalde
2703,Nacho Vigalondo
2704,Juan Inciarte
2705,Libby Brien
2706,Rhona Mitra
2707,Arielle Kebbel
2708,Sophia Myles
2709,Jack Huston
2710,Kelly Reilly
2711,Tara Ellis
2712,Finn Atkins
2713,Jennifer Saunders
2714,Dawn French
2715,Ulrich Thomsen
2716,Michel Voletti
2717,Rashida Jones
2718,Kyle Gallner
2719,Martin Donovan
2720,Michael Nyqvist
2721,Noomi Rapace
2722,Lena Endre
2723,Peter Andersson
2724,Jesse Eisenberg
2725,Martin Starr
2726,Kristen Wiig
2727,Hugh Dancy
2728,Krysten Ritter
2729,Tom Sturridge
2730,Rhys Ifans
2731,Tyler Steelman
2732,Christoph Waltz
2733,Eli Roth
2734,Dominique McElligott
2735,Rosie Shaw
2736,Lynn Collins
2737,Zachary Quinto
2738,Ayelet Zurer
2739,Pierfrancesco Favino
2740,Sam Huntington
2741,Chris Marquette
2742,Dan Fogler
2743,Garret Dillahunt
2744,Michael Bowen
2745,Joshua Cox
2746,Riki Lindhome
2747,Lorna Raver
2748,Dileep Rao
2749,Ed Asner
2750,Jordan Nagai
2751,Bob Peterson
2752,Louise Monot
2753,Pierre Bellemare
2754,Reem Kherici
2755,Bradley Cooper
2756,Ed Helms
2757,Zach Galifianakis
2758,Charlotte Gainsbourg
2759,Charlotte Frogner
2760,Stig Frode Henriksen
2761,Vegar Hoel
2762,Jeppe Beck Laursen
2763,Victor Gojcaj
2764,Betty White
2765,Anthony Mackie
2766,Brian Geraghty
2767,Rainn Wilson
2768,Larry David
2769,Adam Brooks
2770,Geoffrey Arend
2771,Matthew Gray Gubler
2772,Clark Gregg
2773,Tom Felton
2774,Isabelle Fuhrman
2775,CCH Pounder
2776,Eric Winter
2777,Bree Turner
2778,Josh Stewart
2779,Michael Reilly Burke
2780,Andrea Roth
2781,Madeline Zima
2782,Chris Hemsworth
2783,Sharlto Copley
2784,Jason Cope
2785,Nathalie Boltt
2786,Sylvaine Strike
2787,Billy Ray Cyrus
2788,Emily Osment
2789,Jason Earles
2790,Michelle Nolden
2791,Matt King
2792,James Lance
2793,Kelly Adams
2794,Soledad Villamil
2795,Pablo Rago
2796,Javier Godino
2797,Guillermo Francella
2798,Antje Traue
2799,Scott Bakula
2800,Joel McHale
2801,Melanie Lynskey
2802,Michael Stuhlbarg
2803,Richard Kind
2804,Fred Melamed
2805,Sari Lennick
2806,Leslie Bibb
2807,Rochelle Aytes
2808,Alia Shawkat
2809,Ricky Gervais
2810,Emma Stone
2811,Carey Mulligan
2812,Max Records
2813,Lauren Ambrose
2814,Bruce McGill
2815,Barry Humphries
2816,Anna Kendrick
2817,Mark Rolston
2818,Steve Valentine
2819,Daryl Sabara
2820,Tony Fucile
2821,Lori Richardson
2822,Gabourey Sidibe
2823,Mariah Carey
2824,Lenny Kravitz
2825,Rain
2826,Randall Duk Kim
2827,Quinton Aaron
2828,Tim McGraw
2829,Tony Kgoroge
2830,Patrick Mofokeng
2831,Anika Noni Rose
2832,Bruno Campos
2833,Jennifer Cody
2834,Sam Worthington
2835,Zoe Saldana
2836,Stephen Lang
2837,John Krasinski
2838,Eddie Marsan
2839,Claudia Karvan
2840,Ray Stevenson
2841,Annika Hallin
2842,Tahar Rahim
2843,Niels Arestrup
2844,Adel Bencherif
2845,Hichem Yacoubi
2846,Aamir Khan
2847,Kareena Kapoor
2848,Madhavan
2849,Sharman Joshi
2850,Ray Winstone
2851,Shawn Roberts
2852,Liam Hemsworth
2853,Emma Lung
2854,Rachael Carpani
2855,Rodrigo Santoro
2856,Alexandra Daddario
2857,Jake Abel
2858,Jon Bernthal
2859,Max Minghella
2860,Oscar Isaac
2861,Ashraf Barhom
2862,Philippe Torreton
2863,Daniel Duval
2864,Danielle Panabaker
2865,Claudia Silva
2866,Javier Botet
2867,Mia Wasikowska
2868,Amy Ryan
2869,Kasia Smutniak
2870,Richard Durden
2871,Lee Oakes
2872,Robert Pattinson
2873,Jodelle Ferland
2874,Callum Keith Rennie
2875,Craig Ferguson
2876,Omari Hardwick
2877,Hristos Passalis
2878,Angeliki Papoulia
2879,Mary Tsoni
2880,Christos Stergioglou
2881,Idris Elba
2882,Bobby Coleman
2883,Banksy
2884,Shepard Fairey
2885,Thierry Guetta
2886,Riz Ahmed
2887,Nigel Lindsay
2888,Kayvan Novak
2889,Adeel Akhtar
2890,John Doman
2891,Robert Paterson
2892,Samantha Mathis
2893,Gemma Arterton
2894,Stephen Root
2895,Lora Kojovic
2896,Christopher Egan
2897,Vanessa Redgrave
2898,Franco Nero
2899,Luke Mably
2900,Adar Beck
2901,Chris Carey
2902,Gemma Chan
2903,Jennifer Lawrence
2904,Kevin Breznahan
2905,Dale Dickey
2906,Nathaniel Brown
2907,Paz de la Huerta
2908,Cyril Roy
2909,Masato Tanno
2910,Topher Grace
2911,Tess Liu
2912,Xu Ming
2913,Jensen Ackles
2914,Daniel Olbrychski
2915,Augustus Prew
2916,Dolph Lundgren
2917,Eric Roberts
2918,Mary Elizabeth Winstead
2919,David Morrissey
2920,Xavier Dolan
2921,Anne Dorval
2922,Niels Schneider
2923,Danny Trejo
2924,Rick Malambri
2925,Joe Slaughter
2926,Sharni Vinson
2927,Andrew Garfield
2928,Armie Hammer
2929,Jon Hamm
2930,Penn Badgley
2931,Madeline Carroll
2932,Callan McAuliffe
2933,Emily Barclay
2934,Abbie Cornish
2935,Joel Edgerton
2936,Keir Gilchrist
2937,Sasha Barrese
2938,Dylan Kenin
2939,Kristin Chenoweth
2940,Christina Hendricks
2941,Whitney Able
2942,Scoot McNairy
2943,Annalee Jefferies
2944,Kevon Kane
2945,Domhnall Gleeson
2946,Romain Duris
2947,Vanessa Paradis
2948,Julie Ferrier
2949,Andrew Lincoln
2950,Tina Fey
2951,RZA
2952,Zachary Levi
2953,Donna Murphy
2954,Delaney Rose Stein
2955,Melissa Leo
2956,Hank Azaria
2957,Gary Sweet
2958,Olivia Wilde
2959,Christina Aguilera
2960,Mirai Shida
2961,Ryunosuke Kamiki
2962,Tomokazu Miura
2963,Tatsuya Fujiwara
2964,Tyler Labine
2965,Katrina Bowden
2966,Jesse Moss
2967,Dejan Angelov
2968,Andrew Howard
2969,Sarah Butler
2970,Daniel Franzese
2971,Jeff Branson
2972,January Jones
2973,John Slattery
2974,Mini Anden
2975,Irandhir Santos
2976,Maria Ribeiro
2977,Sandro Rocha
2978,Nick Swardson
2979,Otto Jespersen
2980,Hans Morten Hansen
2981,Tomas Alf Larsen
2982,Robert Stoltenberg
2983,Russell Peters
2984,Ty Simpkins
2985,Koji Yakusho
2986,Yusuke Iseya
2987,Kazue Fukiishi
2988,Vicky Krieps
2989,Tom Hiddleston
2990,Claudio Bisio
2991,Angela Finocchiaro
2992,Nando Paone
2993,Giacomo Rizzo
2994,Tatum Etheridge
2995,Lubna Azabal
2996,Maxim Gaudette
2997,Allen Altman
2998,Abdelghafour Elaaziz
2999,Lorraine Nicholson
3000,Carrie Underwood
3001,Ellie Kemper
3002,Kevin McNally
3003,Kurt Fuller
3004,Mimi Kennedy
3005,Won Bin
3006,Thanayong Wongtrakul
3007,Jessica Chastain
3008,Hunter McCracken
3009,Liana Liberato
3010,Jason Clarke
3011,Jodie Whittaker
3012,John Boyega
3013,Luke Treadaway
3014,Craig Roberts
3015,Sally Hawkins
3016,Noah Taylor
3017,Kai Lennox
3018,Joel Courtney
3019,Elle Fanning
3020,Riley Griffiths
3021,Kyle Chandler
3022,Ken Jeong
3023,Chris Brown
3024,Michael Ealy
3025,Charlie Day
3026,Jason Sudeikis
3027,Selena Gomez
3028,Cory Monteith
3029,Leighton Meester
3030,Bryan Cranston
3031,Hayley Atwell
3032,Ken Stott
3033,Zawe Ashton
3034,Octavia Spencer
3035,Danneel Ackles
3036,Anton Yelchin
3037,David Tennant
3038,William Mapother
3039,Brit Marling
3040,DJ Flava
3041,Meggan Lennon
3042,Callum Blue
3043,Elena Anaya
3044,Jan Cornet
3045,Simon Bird
3046,James Buckley
3047,Blake Harrison
3048,Lydia Rose Bewley
3049,Kathy Burke
3050,Benedict Cumberbatch
3051,Leila Hatami
3052,Kimia Hosseini
3053,Merila Zarei
3054,Sareh Bayat
3055,Sarah Gadon
3056,Jennifer Morrison
3057,Dominic Purcell
3058,Katy Mixon
3059,Shea Whigham
3060,Dakota Goyo
3061,Evangeline Lilly
3062,Kenny Wormald
3063,Julianne Hough
3064,Miles Teller
3065,Eric Christian Olsen
3066,Ezra Miller
3067,Siobhan Fallon
3068,Jasper Newell
3069,Elvis Polanski
3070,James Badge Dale
3071,Nicole Beharie
3072,Chris Pratt
3073,Aksel Hennie
3074,Eivind Sander
3075,Baard Owe
3076,Kyrre Haugen Sydness
3077,Shailene Woodley
3078,Amara Miller
3079,Nick Krause
3080,Felicity Jones
3081,Charlie Bewley
3082,Eddie Redmayne
3083,Katharine Isabelle
3084,Emily Perkins
3085,Thomas Horn
3086,Jared Harris
3087,Colin Ford
3088,Rooney Mara
3089,Anthony Stewart Head
3090,Harry Lloyd
3091,Theo James
3092,Frank Grillo
3093,Omar Sy
3094,Audrey Fleurot
3095,Anne Le Ny
3096,Clotilde Mollet
3097,Sean Rogerson
3098,Juan Riedinger
3099,Ashleigh Gryzko
3100,Mackenzie Gray
3101,Dane DeHaan
3102,Alex Russell
3103,Michael Kelly
3104,Anna Wood
3105,Sidney Johnston
3106,Alisa Khazanova
3107,Mary Stockley
3108,Elizabeth Reaser
3109,Joel Kinnaman
3110,Mathieu Chedid
3111,Gad Elmaleh
3112,Ludivine Sagnier
3113,Oliver Cooper
3114,Jonathan Daniel Brown
3115,Thomas Mann
3116,Dax Flame
3117,Taylor Swift
3118,Emilio Rivera
3119,Nestor Serrano
3120,Gonzalo Menendez
3121,Alexander Asefa
3122,Taylor Kitsch
3123,Alison Pill
3124,Lucy Cohu
3125,Hugo Leverdez
3126,Brie Larson
3127,Dave Franco
3128,Rachael Stirling
3129,Iko Uwais
3130,Joe Taslim
3131,Donny Alamsyah
3132,Yayan Ruhian
3133,Kristen Connolly
3134,Anna Hutchison
3135,Fran Kranz
3136,Joel Murray
3137,Tara Lynne Barr
3138,Mackenzie Brooke Smith
3139,Melinda Page Hamilton
3140,Luke Evans
3141,Alice Eve
3142,Taylor Schilling
3143,Riley Thomas Stewart
3144,Catherine Chan
3145,Mario Casas
3146,Marina Salas
3147,Nerea Camacho
3148,Cristina Plazas
3149,Brady Coleman
3150,Jared Gilman
3151,Kara Hayward
3152,Dean Norris
3153,Allison Janney
3154,Aubrey Plaza
3155,Mark Duplass
3156,Jake Johnson
3157,Karan Soni
3158,Billy Connolly
3159,Diego Boneta
3160,Connie Britton
3161,Doug Sweetland
3162,Seth MacFarlane
3163,Cody Horn
3164,Chris Wedge
3165,Dwight Henry
3166,Levy Easterly
3167,Gina Montana
3168,Lowell Landes
3169,Ralph Eggleston
3170,Zoe Kazan
3171,Tucker Albrizzi
3172,Dania Ramirez
3173,Jamie Chung
3174,Aasif Mandvi
3175,Rosemarie DeWitt
3176,Gilles Lellouche
3177,Laurent Lafitte
3178,Skylar Astin
3179,Brittany Snow
3180,Anna Camp
3181,Noah Segan
3182,Olivia Thirlby
3183,Natalie Martinez
3184,David Harbour
3185,Alexandra Rapaport
3186,Thomas Bo Larsen
3187,Anne Louise Hassing
3188,Elizabeth Olsen
3189,Rade Serbedzija
3190,Matthias Schoenaerts
3191,Bouli Lanners
3192,Corinne Masiero
3193,Atticus Shaffer
3194,Juliet Rylance
3195,James Ransone
3196,Fred Dalton Thompson
3197,Henry Winkler
3198,Joe Rogan
3199,Jack McBrayer
3200,Jacki Weaver
3201,Suraj Sharma
3202,Irrfan Khan
3203,Ayush Tandon
3204,Gautam Belur
3205,Emmanuelle Riva
3206,Isabelle Huppert
3207,William Shimell
3208,Rita Blanco
3209,Ariel Winter
3210,David Selby
3211,Wade Williams
3212,Taylor Lautner
3213,Peter Facinelli
3214,Kathryn McCormick
3215,Ryan Guzman
3216,Stephen Boss
3217,Megan Boone
3218,John Kahrs
3219,Kari Wahlgren
3220,Jeff Turley
3221,Jack Goldenberg
3222,Junichi Okada
3223,Keiko Takeshita
3224,Richard Armitage
3225,Teresa Palmer
3226,Analeigh Tipton
3227,David Oyelowo
3228,Tom Holland
3229,Samuel Joslin
3230,Megan Charpentier
3231,Daniel Kash
3232,Melina Matthews
3233,Shiloh Fernandez
3234,James Kidnie
3235,Jeremy Irvine
3236,Kaya Scodelario
3237,Cobie Smulders
3238,David Lyons
3239,Jennifer Prior
3240,Charlotte Prior
3241,Annie Thurman
3242,Michael Imperioli
3243,Ella Rae Peck
3244,Britt Robertson
3245,James Frecheville
3246,Victoria Justice
3247,Jane Levy
3248,Lou Taylor Pucci
3249,Matt Cross
3250,Andrea Riseborough
3251,Chadwick Boseman
3252,Christopher Meloni
3253,Aoi Miyazaki
3254,Takao Osawa
3255,Haru Kuroki
3256,Yukito Nishii
3257,Tye Sheridan
3258,Jacob Lofland
3259,Veerle Baetens
3260,Johan Heldenbergh
3261,Nell Cattrysse
3262,Geert Van Rampelberg
3263,Greta Gerwig
3264,Mickey Sumner
3265,Adam Driver
3266,Michael Zegen
3267,Liam James
3268,Henry Cavill
3269,Nick Robinson
3270,Gabriel Basso
3271,Nick Offerman
3272,Erin Moriarty
3273,Max Burkholder
3274,Adelaide Kane
3275,Sylvia Hoeks
3276,Mireille Enos
3277,Abigail Hargrove
3278,Sterling Jerins
3279,Daniel Wu
3280,Christian Camargo
3281,Addison Timlin
3282,Nico Tortorella
3283,Miranda Cosgrove
3284,Joey King
3285,Melissa McCarthy
3286,Taran Killam
3287,Dayo Okeniyi
3288,Patrick Bruel
3289,Judith El Zein
3290,Yaniss Lespert
3291,Lily Collins
3292,Nat Wolff
3293,Melonie Diaz
3294,Kevin Durand
3295,Justin Chambers
3296,Kevin Conroy
3297,Vanessa Marshall
3298,Lili Taylor
3299,Snoop Dogg
3300,Will Yun Lee
3301,Bobby Cannavale
3302,Toni Servillo
3303,Carlo Verdone
3304,Sabrina Ferilli
3305,Carlo Buccirosso
3306,Will Poulter
3307,Lindy Booth
3308,Donald Faison
3309,Katee Sackhoff
3310,Bokeem Woodbine
3311,Dean Gomersall
3312,Samantha Berg
3313,John Jett
3314,John Hargrove
3315,Hideaki Anno
3316,Miori Takimoto
3317,Jamie Campbell Bower
3318,Kevin Zegers
3319,Jemima West
3320,David Banner
3321,LaJessie Smith
3322,Lydia Wilson
3323,Nicholas Tucci
3324,Wendy Glenn
3325,AJ Bowen
3326,Orto Ignatiussen
3327,Rafe Spall
3328,Megan Park
3329,Lin Shaye
3330,Natalie Dormer
3331,Dianna Agron
3332,Kaitlyn Dever
3333,Rami Malek
3334,Keith Stanfield
3335,Nicholas Braun
3336,Will Forte
3337,Bob Odenkirk
3338,June Squibb
3339,Ben Falcone
3340,Salim Kechiouche
3341,Benjamin Siksou
3342,Mona Walravens
3343,Alma Jodorowsky
3344,Max Martini
3345,Chris Mulkey
3346,Wallace Shawn
3347,Yasmin Paige
3348,Hailee Steinfeld
3349,Jackson Nicoll
3350,Georgina Cates
3351,Sophie Kennedy Clark
3352,Mare Winningham
3353,Nico Liersch
3354,Ben Schnetzer
3355,Idina Menzel
3356,Jonathan Groff
3357,Josh Gad
3358,Jerry Grayson
3359,Margot Robbie
3360,Izabela Vidovic
3361,Marine Vacth
3362,Nathalie Richard
3363,Johan Leysen
3364,Karoline Herfurth
3365,Katja Riemann
3366,Jana Pallaske
3367,Jonas Holdenrieder
3368,Tom Payne
3369,Olivier Martinez
3370,Emma Rigby
3371,Masako Nozawa
3372,Toshio Furukawa
3373,Masakazu Morita
3374,Kevin Hart
3375,Virginie Efira
3376,Pierre Niney
3377,Gilles Cohen
3378,Joshua Peace
3379,Gattlin Griffith
3380,Stacy Martin
3381,Aaron Paul
3382,Gabriella Wilde
3383,Rhys Wakefield
3384,Jessica Brown Findlay
3385,Ronnie Gene Blevins
3386,Sue Rock
3387,Tony Revolori
3388,Mackenzie Davis
3389,Michelle Dockery
3390,Kana Hanazawa
3391,Fumi Hirano
3392,Takeshi Maeda
3393,Sullivan Stapleton
3394,Callan Mulvey
3395,Ty Burrell
3396,Max Charles
3397,Paul Brannigan
3398,Michael Moreland
3399,Scott Dymond
3400,Dominic Cooper
3401,Jason Dohring
3402,Enrico Colantoni
3403,Chris Lowell
3404,Rohan Chand
3405,Shun Oguri
3406,Haruma Miura
3407,Yu Aoi
3408,Arata Furuta
3409,Sebastian Stan
3410,Ben Mendelsohn
3411,Rupert Friend
3412,David Ajala
3413,Peter Ferdinando
3414,Mark Webber
3415,Devon Graye
3416,Rutina Wesley
3417,Steve Whitmire
3418,Arifin Putra
3419,Oka Antara
3420,Tio Pakusadewo
3421,Dylan Moran
3422,Karen Gillan
3423,Brenton Thwaites
3424,James Lafferty
3425,Kate Upton
3426,Don Johnson
3427,Mark Moseley
3428,Robert Gustafsson
3429,Iwar Wiklander
3430,David Wiberg
3431,Bianca Cruzeiro
3432,Ruth Wilson
3433,Andrew Scott
3434,Olivia Colman
3435,Amr Waked
3436,Macon Blair
3437,Devin Ratray
3438,Amy Hargreaves
3439,Kevin Kolack
3440,Jack Kilmer
3441,Jon Favreau
3442,Emjay Anthony
3443,Jim Parsons
3444,Matt Bomer
3445,Bella Thorne
3446,Adam Levine
3447,Sam Riley
3448,Chantal Lauby
3449,Ary Abittan
3450,Medi Sadoun
3451,Rebecca Ferguson
3452,Ansel Elgort
3453,Alan Dale
3454,Haley Bennett
3455,Ellar Coltrane
3456,Elijah Smith
3457,Noah Wiseman
3458,Daniel Henshall
3459,Hayley McElhinney
3460,Melissa Benoist
3461,Austin Stowell
3462,Jayson Blair
3463,Carrie Coon
3464,Steven Yeun
3465,Archie Panjabi
3466,Carmen Ejogo
3467,Zach Gilford
3468,Kiele Sanchez
3469,Dave Bautista
3470,Pierce Gagnon
3471,Misha Gabriel
3472,Hamish Linklater
3473,Rima Te Wiata
3474,Cameron Rhodes
3475,Millen Baird
3476,Ross Harper
3477,Manish Dayal
3478,Om Puri
3479,Charlotte Le Bon
3480,Odeya Rush
3481,Nina Dobrev
3482,Rob Riggle
3483,Jon Lajoie
3484,Jamie Blackley
3485,Stacy Keach
3486,Fabrizio Rongione
3487,Olivier Gourmet
3488,Christelle Cornil
3489,Hugo Armstrong
3490,Emily Baldoni
3491,Nicholas Brendon
3492,Elizabeth Gracen
3493,Perdita Weeks
3494,Ben Feldman
3495,Edwin Hodge
3496,Marion Lambert
3497,Dan Stevens
3498,Maika Monroe
3499,Sheila Kelley
3500,Jing Lusi
3501,Ki Hong Lee
3502,Aml Ameen
3503,Blake Cooper
3504,Lane Garrison
3505,Joseph Julian Soria
3506,John Carroll Lynch
3507,Boyd Holbrook
3508,Luke Bracey
3509,Bill Smitrovich
3510,Tom Schilling
3511,Trine Dyrholm
3512,Stephan Kampwirth
3513,Hannah Herzsprung
3514,Aki Asakura
3515,Kengo Kora
3516,Nobuko Miyamoto
3517,Atsuko Takahata
3518,Sienna Miller
3519,Cole Konis
3520,Jessica Szohr
3521,Leven Rambin
3522,Art Parkinson
3523,Sarah Snook
3524,Christopher Kirby
3525,Jemaine Clement
3526,Taika Waititi
3527,Jonathan Brugh
3528,Stuart Rutherford
3529,Alfie Allen
3530,Adrianne Palicki
3531,Jeremy Strong
3532,Jaeden Lieberher
3533,Ed Oxenbould
3534,Dylan Minnette
3535,Scott Adsit
3536,Ryan Potter
3537,Daniel Henney
3538,Sam Claflin
3539,Suki Waterhouse
3540,Christian Cooke
3541,George Finn
3542,Amin Joseph
3543,Jason Spisak
3544,Alicia Vikander
3545,Sonoya Mizuno
3546,Mae Whitman
3547,Lucy Hale
3548,Rory Kinnear
3549,Katherine Waterston
3550,Philippe Lacheau
3551,Alice David
3552,Vincent Desagnat
3553,Tarek Boudali
3554,Leonardo Sbaraglia
3555,Rita Cortese
3556,Julieta Zylberberg
3557,Walter Donado
3558,Sara Takatsuki
3559,Kasumi Arimura
3560,Susumu Terajima
3561,Fionnula Flanagan
3562,David Rawle
3563,Pat Shortt
3564,Benjamin Walker
3565,Edward Snowden
3566,Glenn Greenwald
3567,Laura Poitras
3568,William Binney
3569,Alexandre Astier
3570,Marion Chabassol
3571,Lou Lesage
3572,Roger Carel
3573,Lionnel Astier
3574,Serge Papagalli
3575,Jill Larson
3576,Anne Ramsay
3577,Michelle Ang
3578,Ryan Cutrona
3579,Tom McGrath
3580,Chris Miller
3581,Christopher Knights
3582,Conrad Vernon
3583,Paul Anderson
3584,Sean Harris
3585,Sam Reid
3586,Sam Hazeldine
3587,Jai Courtney
3588,Ryan Corr
3589,Peter Capaldi
3590,Giancarlo Esposito
3591,Miyavi
3592,Finn Wittrock
3593,Karl Davies
3594,Daniel Ryan
3595,Patrick Huard
3596,Alexandre Goyette
3597,Viviane Pascal
3598,Elyes Gabel
3599,Thomas Sadoski
3600,Keene McRae
3601,Randall Park
3602,Taron Egerton
3603,Rebel Wilson
3604,Ninja
3605,Yolandi Visser
3606,Daniel Zovatto
3607,Jake Weary
3608,Clara Lago
3609,Josh Helman
3610,Stefanie Scott
3611,Leigh Whannell
3612,Daisy Ridley
3613,Travis Fimmel
3614,Robert Kazinsky
3615,Corey Stoll
3616,Ed Skrein
3617,Gina Carano
3618,Benedict Wong
3619,Felicity Huffman
3620,Joseph Mazzello
3621,Jon Seda
3622,Robbie Amell
3623,Skyler Samuels
3624,Jonny Weston
3625,Virginia Gardner
3626,Allen Evangelista
3627,Emory Cohen
3628,Maria Dizzia
3629,Alison Brie
3630,Natasha Lyonne
3631,Paul Haggis
3632,Alex Gibney
3633,Lawrence Wright
3634,Shameik Moore
3635,Kiersey Clemons
3636,Chanel Iman
3637,RJ Cyler
3638,Olivia Cooke
3639,Wentworth Miller
3640,Eric Stonestreet
3641,Walton Goggins
3642,Cara Delevingne
3643,Justice Smith
3644,Austin Abrams
3645,Kaley Cuoco
3646,Affion Crockett
3647,Laia Costa
3648,Franz Rogowski
3649,Burak Yigit
3650,Robert Taylor
3651,Lily James
3652,Richard Madden
3653,Maria Ehrich
3654,Laura Berlin
3655,Uwe Kockisch
3656,Katharina Thalbach
3657,Rihanna
3658,Taissa Farmiga
3659,Alexander Ludwig
3660,Justin Fletcher
3661,Omid Djalili
3662,Richard Webber
3663,Kate Harbour
3664,Tatiana Maslany
3665,Isaka Sawadogo
3666,Raffey Cassidy
3667,Thomas Robinson
3668,Scott Eastwood
3669,Lolita Davidovich
3670,Michiel Huisman
3671,Lake Bell
3672,Louane Emera
3673,Eric Elmosnino
3674,Roxane Duran
3675,Sarah Paulson
3676,Caren Pistorius
3677,Rory McCann
3678,David Sandberg
3679,Jorma Taccone
3680,Leopold Nilsson
3681,Andreas Cahling
3682,Checco Zalone
3683,Miriam Dalmazio
3684,Marco Paolini
3685,Robert Dancs
3686,Adrian Grenier
3687,Jerry Ferrara
3688,Kevin Connolly
3689,Amy Poehler
3690,Phyllis Smith
3691,Milo Parker
3692,Hattie Morahan
3693,Jessica Barth
3694,Raymond Ochoa
3695,Jack Bright
3696,Dakota Johnson
3697,Skyler Gisondo
3698,Steele Stebbins
3699,Amy Winehouse
3700,Mark Ronson
3701,Tony Bennett
3702,Pete Doherty
3703,Joe Manganiello
3704,Kevin Nash
3705,Neel Sethi
3706,Ryou Horikawa
3707,Hiromi Tsuru
3708,Elizabeth Debicki
3709,Ben Schwartz
3710,Pablo Schreiber
3711,Clayne Crawford
3712,Valeria Solarino
3713,Valerio Aprea
3714,Paolo Calabresi
3715,Libero De Rienzo
3716,Tommy Snider
3717,Katie Lowes
3718,Ben Bledsoe
3719,Stephen Apostolina
3720,Ayberk Pekcan
3721,Erol Afsin
3722,Suzanne Marrot
3723,Parker Posey
3724,Toby Jones
3725,Shirley Henderson
3726,Oona Laurence
3727,Victor Garber
3728,Elias Schwarz
3729,Lukas Schwarz
3730,Susanne Wuest
3731,Hans Escher
3732,Emma Fitzpatrick
3733,Scott Evans
3734,Tom Noonan
3735,Richenda Carey
3736,Anders Holm
3737,Booboo Stewart
3738,Dove Cameron
3739,Keegan Connor Tracy
3740,Stephanie Bennett
3741,Jacob Tremblay
3742,Sean Bridgers
3743,Allison Tolman
3744,Ralph Ineson
3745,Kate Dickie
3746,Harvey Scrimshaw
3747,Ellie Grainger
3748,Napua Greig
3749,Kuana Torres Kahele
3750,Olivia DeJonge
3751,Benjamin Kanes
3752,Corey Hawkins
3753,Jason Mitchell
3754,Aldis Hodge
3755,Carra Patterson
3756,Dascha Polanco
3757,Logan Miller
3758,Joey Morgan
3759,Sarah Dumont
3760,Emily Ratajkowski
3761,Nick Rotteveel
3762,Joe Cole
3763,Opeyemi Fagbohungbe
3764,Abraham Attah
3765,Richard Pepple
3766,Alexandre Desrousseaux
3767,Anna Lemarchand
3768,Achille Potier
3769,Heather Lind
3770,Jillian Bell
3771,Pili Groyne
3772,Yolande Moreau
3773,Didier De Neck
3774,Danila Kozlovsky
3775,Gal Gadot
3776,Tadanobu Asano
3777,Mark Rylance
3778,Alan Alda
3779,Mike Doyle
3780,Oliver Masucci
3781,Fabian Busch
3782,Christoph Maria Herbst
3783,Carter Jenkins
3784,Cesar Garcia
3785,Mercy Malick
3786,Noah Schnapp
3787,Bill Melendez
3788,Venus Schultheis
3789,Hadley Belle Miller
3790,Shota Sometani
3791,Suzu Hirose
3792,Graham McTavish
3793,Tessa Thompson
3794,Hans Marrero
3795,Kristoffer Joner
3796,Ane Dahl Torp
3797,Laila Goody
3798,David Henrie
3799,David DeLuise
3800,Jennifer Stone
3801,Eleonora Giovanardi
3802,Sonia Bergamasco
3803,Ludovica Modugno
3804,Olivia Munn
3805,Tika Sumpter
3806,Ania Sowinski
3807,Emilia Clarke
3808,Janet McTeer
3809,Stephan James
3810,Cindy Hogan
3811,Shakira
3812,Zhang Jin
3813,Patrick Tam
3814,Julian Dennison
3815,Rachel House
3816,Karl Glusman
3817,Bella Heathcote
3818,Claudio Santamaria
3819,Ilenia Pastorelli
3820,Luca Marinelli
3821,Stefano Ambrogi
3822,Simon Helberg
3823,Jordan Peele
3824,Tiffany Haddish
3825,Method Man
3826,Blake Jenner
3827,Juston Street
3828,Lucy Boynton
3829,Maria Doyle Kennedy
3830,Jack Reynor
3831,Golshifteh Farahani
3832,Nellie
3833,Barry Shabaka Henley
3834,Kate Siegel
3835,Samantha Sloyan
3836,Michael Trucco
3837,Emilia Graves
3838,Caitriona Balfe
3839,Hayden Rolence
3840,Valerio Mastandrea
3841,Marco Giallini
3842,Alba Rohrwacher
3843,Mahershala Ali
3844,Angourie Rice
3845,Angelo Josue Lozano Corzo
3846,Brett Cullen
3847,Sedona Legge
3848,Ruby Barnhill
3849,George MacKay
3850,Samantha Isler
3851,Annalise Basso
3852,Timothy Eulich
3853,Annabeth Gish
3854,Jennifer Ehle
3855,Akiva Schaffer
3856,Madison Wolfe
3857,Lauren Esposito
3858,Gabriel Bateman
3859,Alexander DiPersia
3860,Oakes Fegley
3861,Emily Meade
3862,Miles Heizer
3863,Anna Gunn
3864,Nathalie Baye
3865,Ana de Armas
3866,Tara Strong
3867,Gil Birmingham
3868,Haley Lu Richardson
3869,Michael Parks
3870,Anne Consigny
3871,Gong Yoo
3872,Terri Doty
3873,Trevante Rhodes
3874,Janelle Monae
3875,Igor Gotesman
3876,Margot Bancilhon
3877,Idrissa Hanrot
3878,Bryan Brown
3879,Gina Rodriguez
3880,Justin Theroux
3881,Tracy Letts
3882,Sam Trammell
3883,Mone Kamishiraishi
3884,Masami Nagasawa
3885,Etsuko Ichihara
3886,Gray Powell
3887,Jacob Neayem
3888,Lewis MacDougall
3889,Katie Crown
3890,Sennia Nanua
3891,Danai Gurira
3892,Kat Graham
3893,Jamal Woolard
3894,Annie Ilonzeh
3895,John Legend
3896,Lucas Hedges
3897,Sunny Pawar
3898,Ophelia Lovibond
3899,Olwen Catherine Kelly
3900,Temuera Morrison
3901,Betty Buckley
3902,Jessica Sula
3903,Stephen Henderson
3904,Jovan Adepo
3905,Linda Cardellini
3906,Zoey Deutch
3907,Megan Mullally
3908,Timothy Simons
3909,Michael Landes
3910,Carly Rae Jepsen
3911,Maddie Ziegler
3912,Tracy Morgan
3913,Mia Goth
3914,Adrian Schiller
3915,Ana Wagener
3916,Francesc Orella
3917,Paco Tous
3918,Garance Marillier
3919,Ella Rumpf
3920,Rabah Nait Oufella
3921,Laurent Lucas
3922,Common
3923,Riccardo Scamarcio
3924,Daniel Kaluuya
3925,Allison Williams
3926,Dafne Keen
3927,Jing Tian
3928,Halston Sage
3929,Elena Kampouris
3930,Miles Bakshi
3931,Jimmy Kimmel
3932,Bill Milner
3933,Maisie Williams
3934,Jamie Dornan
3935,Eric Johnson
3936,Eloise Mumford
3937,Annabelle Wallis
3938,Tom Cullen
3939,Geoff Bell
3940,Carrie Preston
3941,Aviv Alush
3942,Antoine Bertrand
3943,Gloria Colston
3944,Ashley Walters
3945,Dacre Montgomery
3946,Naomi Scott
3947,Becky G
3948,Julien Arruti
3949,Jesse Plemons
3950,Mckenna Grace
3951,Lindsay Duncan
3952,Jenny Slate
3953,Damian Lewis
3954,Frank John Hughes
3955,Scott Grimes
3956,Amandla Stenberg
3957,Ana de la Reguera
3958,Kelly Rohrbach
3959,Cristela Alonzo
3960,Karin Konoval
3961,Marwan Kenzari
3962,Christian Rubeck
3963,Sofia Boutella
3964,Fionn Whitehead
3965,Jack Lowden
3966,Harry Styles
3967,Aneurin Barnard
3968,Laura Haddock
3969,Aldo Baglio
3970,Giovanni Storti
3971,Giacomo Poretti
3972,Marina Massironi
3973,Regina Hall
